checkpoint_key,experiment_group,method_or_variant,scenario,training_seed,training_episodes,validation_points,selected_training_episode,checkpoint_relative_path,checkpoint_sha256,source_commit,config_sha256,selection_score_text,release_in_public_repo
main__static_clutter__IPPO__seed0,main,IPPO,static_clutter,0,100,20,80,checkpoints/IPPO/static_clutter/seed0_ep80.pt,d8d5be0e8626ad49710c77eb6f182799ad00b97f9741ac6aa506e3a139696ef7,10bd6134d1956b59ae9f946801ced612b270f924,01bfa59f2db51d08661fdc0015eecf3c3d46ee084fd5d09ac0d955a2d1e713c7,"completed=4,collision=0,timeout=0,deadlock=0,completion=29.88",no
main__static_clutter__IPPO__seed1,main,IPPO,static_clutter,1,100,20,80,checkpoints/IPPO/static_clutter/seed1_ep80.pt,e0b2796ebf931dd4fdf6b934cfc38179614566baee33a14d4e9368b6a9488599,10bd6134d1956b59ae9f946801ced612b270f924,01bfa59f2db51d08661fdc0015eecf3c3d46ee084fd5d09ac0d955a2d1e713c7,"completed=4,collision=0,timeout=0,deadlock=0,completion=29.98",no
main__static_clutter__IPPO__seed2,main,IPPO,static_clutter,2,100,20,100,checkpoints/IPPO/static_clutter/seed2_ep100.pt,7664b87f463a816a175c46705ffe15c4a380bc1ca435ebacac363077740341ee,10bd6134d1956b59ae9f946801ced612b270f924,01bfa59f2db51d08661fdc0015eecf3c3d46ee084fd5d09ac0d955a2d1e713c7,"completed=4,collision=0,timeout=0,deadlock=0,completion=29.50",no
main__static_clutter__IPPO__seed3,main,IPPO,static_clutter,3,100,20,85,checkpoints/IPPO/static_clutter/seed3_ep85.pt,3d2f89067b4858912f03a60135774c769f58f28ec0a9ba4e550afca8b4b30a97,10bd6134d1956b59ae9f946801ced612b270f924,01bfa59f2db51d08661fdc0015eecf3c3d46ee084fd5d09ac0d955a2d1e713c7,"completed=4,collision=0,timeout=0,deadlock=0,completion=29.55",no
main__static_clutter__IPPO__seed4,main,IPPO,static_clutter,4,100,20,100,checkpoints/IPPO/static_clutter/seed4_ep100.pt,9ce87c00805ddeaf59283931abc8d72ac6818b0e69a066945d97a16097d121f7,10bd6134d1956b59ae9f946801ced612b270f924,01bfa59f2db51d08661fdc0015eecf3c3d46ee084fd5d09ac0d955a2d1e713c7,"completed=4,collision=0,timeout=0,deadlock=0,completion=29.32",no
main__static_clutter__IPPO__seed5,main,IPPO,static_clutter,5,100,20,95,checkpoints/IPPO/static_clutter/seed5_ep95.pt,f7367bcdbb9ed0a72de22fa47cc2b3c98f9f2911920a43a77f7c00d41934df2b,10bd6134d1956b59ae9f946801ced612b270f924,01bfa59f2db51d08661fdc0015eecf3c3d46ee084fd5d09ac0d955a2d1e713c7,"completed=4,collision=0,timeout=0,deadlock=0,completion=29.80",no
main__static_clutter__IPPO__seed6,main,IPPO,static_clutter,6,100,20,100,checkpoints/IPPO/static_clutter/seed6_ep100.pt,937371beb7fdbbea65cd615566ed05051f7035bf817ee047a2019f4e0939a460,10bd6134d1956b59ae9f946801ced612b270f924,01bfa59f2db51d08661fdc0015eecf3c3d46ee084fd5d09ac0d955a2d1e713c7,"completed=4,collision=0,timeout=0,deadlock=0,completion=29.92",no
main__static_clutter__IPPO__seed7,main,IPPO,static_clutter,7,100,20,85,checkpoints/IPPO/static_clutter/seed7_ep85.pt,a0a845140d55074030db87dd4690353541ab9398bd75fde564a7939169508d10,10bd6134d1956b59ae9f946801ced612b270f924,01bfa59f2db51d08661fdc0015eecf3c3d46ee084fd5d09ac0d955a2d1e713c7,"completed=4,collision=0,timeout=0,deadlock=0,completion=30.60",no
main__dynamic_pedestrians__IPPO__seed0,main,IPPO,dynamic_pedestrians,0,100,20,90,checkpoints/IPPO/dynamic_pedestrians/seed0_ep90.pt,b312ef205850c6002595548e5966a018cd5b1afcaea3151a64e15dbd1128b2ff,10bd6134d1956b59ae9f946801ced612b270f924,01bfa59f2db51d08661fdc0015eecf3c3d46ee084fd5d09ac0d955a2d1e713c7,"completed=4,collision=0,timeout=0,deadlock=0,completion=26.46",no
main__dynamic_pedestrians__IPPO__seed1,main,IPPO,dynamic_pedestrians,1,100,20,90,checkpoints/IPPO/dynamic_pedestrians/seed1_ep90.pt,d9c02963765f119dd2d4a15519351a61bf2b18ceb69e21d244527e42ece7f41e,10bd6134d1956b59ae9f946801ced612b270f924,01bfa59f2db51d08661fdc0015eecf3c3d46ee084fd5d09ac0d955a2d1e713c7,"completed=4,collision=0,timeout=0,deadlock=0,completion=26.52",no
main__dynamic_pedestrians__IPPO__seed2,main,IPPO,dynamic_pedestrians,2,100,20,100,checkpoints/IPPO/dynamic_pedestrians/seed2_ep100.pt,079dc55227c823d2038fb781f829a1517493628ffdf9b8844df83ced833e96ed,10bd6134d1956b59ae9f946801ced612b270f924,01bfa59f2db51d08661fdc0015eecf3c3d46ee084fd5d09ac0d955a2d1e713c7,"completed=4,collision=0,timeout=0,deadlock=0,completion=26.35",no
main__dynamic_pedestrians__IPPO__seed3,main,IPPO,dynamic_pedestrians,3,100,20,100,checkpoints/IPPO/dynamic_pedestrians/seed3_ep100.pt,07715cfcac7e888d879b5845f677c634d52aa64d135d8f3146afd9653392fe01,10bd6134d1956b59ae9f946801ced612b270f924,01bfa59f2db51d08661fdc0015eecf3c3d46ee084fd5d09ac0d955a2d1e713c7,"completed=4,collision=0,timeout=0,deadlock=0,completion=26.54",no
main__dynamic_pedestrians__IPPO__seed4,main,IPPO,dynamic_pedestrians,4,100,20,85,checkpoints/IPPO/dynamic_pedestrians/seed4_ep85.pt,649d968c6bc85cf4f2668400cf24732f884cf8691925ae67142d2fe815735db4,10bd6134d1956b59ae9f946801ced612b270f924,01bfa59f2db51d08661fdc0015eecf3c3d46ee084fd5d09ac0d955a2d1e713c7,"completed=4,collision=0,timeout=0,deadlock=0,completion=26.37",no
main__dynamic_pedestrians__IPPO__seed5,main,IPPO,dynamic_pedestrians,5,100,20,95,checkpoints/IPPO/dynamic_pedestrians/seed5_ep95.pt,220f2150ebd6d42971c33b968dbbdae82bedb7d505f59246a34cfd6cd75a7756,10bd6134d1956b59ae9f946801ced612b270f924,01bfa59f2db51d08661fdc0015eecf3c3d46ee084fd5d09ac0d955a2d1e713c7,"completed=4,collision=0,timeout=0,deadlock=0,completion=26.31",no
main__dynamic_pedestrians__IPPO__seed6,main,IPPO,dynamic_pedestrians,6,100,20,90,checkpoints/IPPO/dynamic_pedestrians/seed6_ep90.pt,65af418f1e27017063ed5793bfdd7f777e76f37b9dd9a330382a7045a4598fe6,10bd6134d1956b59ae9f946801ced612b270f924,01bfa59f2db51d08661fdc0015eecf3c3d46ee084fd5d09ac0d955a2d1e713c7,"completed=4,collision=0,timeout=0,deadlock=0,completion=26.29",no
main__dynamic_pedestrians__IPPO__seed7,main,IPPO,dynamic_pedestrians,7,100,20,95,checkpoints/IPPO/dynamic_pedestrians/seed7_ep95.pt,a8fba2f91b95c40e8dfb0408da18e13ab01a442adb4c7fc6e64b89deaeb90ede,10bd6134d1956b59ae9f946801ced612b270f924,01bfa59f2db51d08661fdc0015eecf3c3d46ee084fd5d09ac0d955a2d1e713c7,"completed=4,collision=0,timeout=0,deadlock=0,completion=26.69",no
main__mixed_complex__IPPO__seed0,main,IPPO,mixed_complex,0,100,20,100,checkpoints/IPPO/mixed_complex/seed0_ep100.pt,c816a0a2e474f564c26022ff443412bd615571fb63f1a522a6a48f17f6ef3913,10bd6134d1956b59ae9f946801ced612b270f924,01bfa59f2db51d08661fdc0015eecf3c3d46ee084fd5d09ac0d955a2d1e713c7,"completed=4,collision=0,timeout=0,deadlock=0,completion=40.39",no
main__mixed_complex__IPPO__seed1,main,IPPO,mixed_complex,1,100,20,85,checkpoints/IPPO/mixed_complex/seed1_ep85.pt,1fbd01db609cb367b8689493c2daa4c3e64028a2d4fbec6dc09bb85029d13841,10bd6134d1956b59ae9f946801ced612b270f924,01bfa59f2db51d08661fdc0015eecf3c3d46ee084fd5d09ac0d955a2d1e713c7,"completed=4,collision=0,timeout=0,deadlock=0,completion=40.08",no
main__mixed_complex__IPPO__seed2,main,IPPO,mixed_complex,2,100,20,100,checkpoints/IPPO/mixed_complex/seed2_ep100.pt,fb66774708e955e5a7f4e731e254741a468abdc67e7b99439b86acb740233df2,10bd6134d1956b59ae9f946801ced612b270f924,01bfa59f2db51d08661fdc0015eecf3c3d46ee084fd5d09ac0d955a2d1e713c7,"completed=4,collision=0,timeout=0,deadlock=0,completion=40.13",no
main__mixed_complex__IPPO__seed3,main,IPPO,mixed_complex,3,100,20,95,checkpoints/IPPO/mixed_complex/seed3_ep95.pt,ce169a520d3f3260d6f6ed9538e6c51d338945ce69aa96ca2ea184f582061d30,10bd6134d1956b59ae9f946801ced612b270f924,01bfa59f2db51d08661fdc0015eecf3c3d46ee084fd5d09ac0d955a2d1e713c7,"completed=4,collision=0,timeout=0,deadlock=0,completion=39.59",no
main__mixed_complex__IPPO__seed4,main,IPPO,mixed_complex,4,100,20,85,checkpoints/IPPO/mixed_complex/seed4_ep85.pt,02e1ff865f48369c6b477c97fb98429805282c6f474c49949d06095819b7263a,10bd6134d1956b59ae9f946801ced612b270f924,01bfa59f2db51d08661fdc0015eecf3c3d46ee084fd5d09ac0d955a2d1e713c7,"completed=4,collision=0,timeout=0,deadlock=0,completion=40.18",no
main__mixed_complex__IPPO__seed5,main,IPPO,mixed_complex,5,100,20,85,checkpoints/IPPO/mixed_complex/seed5_ep85.pt,8cbb86c59a476f4897551199b5550973b5d2c7f74f478ce620d61d091c039f9b,10bd6134d1956b59ae9f946801ced612b270f924,01bfa59f2db51d08661fdc0015eecf3c3d46ee084fd5d09ac0d955a2d1e713c7,"completed=4,collision=0,timeout=0,deadlock=0,completion=39.56",no
main__mixed_complex__IPPO__seed6,main,IPPO,mixed_complex,6,100,20,85,checkpoints/IPPO/mixed_complex/seed6_ep85.pt,95a32e5132dcbe1c08750d056b0be52db1d5bb2ac142815c58c42064ba807fdd,10bd6134d1956b59ae9f946801ced612b270f924,01bfa59f2db51d08661fdc0015eecf3c3d46ee084fd5d09ac0d955a2d1e713c7,"completed=4,collision=0,timeout=0,deadlock=0,completion=40.19",no
main__mixed_complex__IPPO__seed7,main,IPPO,mixed_complex,7,100,20,100,checkpoints/IPPO/mixed_complex/seed7_ep100.pt,91f906bcfcc33f0f6bf1ea48306af9c328fe32521dd39676cdf7fa55ff254b0f,10bd6134d1956b59ae9f946801ced612b270f924,01bfa59f2db51d08661fdc0015eecf3c3d46ee084fd5d09ac0d955a2d1e713c7,"completed=4,collision=0,timeout=0,deadlock=0,completion=39.37",no
main__static_clutter__MAPPO__seed0,main,MAPPO,static_clutter,0,100,20,70,checkpoints/MAPPO/static_clutter/seed0_ep70.pt,ec1c383b4649fd531346da64525d395fd2beca8789ffa7fbd7a970cde43fc117,10bd6134d1956b59ae9f946801ced612b270f924,a15ec6ff235901b1692c7cf9dbd2346970be0864d8b509cdf162d5443047cac2,"completed=4,collision=0,timeout=0,deadlock=0,completion=31.60",no
main__static_clutter__MAPPO__seed1,main,MAPPO,static_clutter,1,100,20,85,checkpoints/MAPPO/static_clutter/seed1_ep85.pt,321f4caa0245b40b17f57578eafff31f67d31111f5f6185b74e7150ac54a2c09,10bd6134d1956b59ae9f946801ced612b270f924,a15ec6ff235901b1692c7cf9dbd2346970be0864d8b509cdf162d5443047cac2,"completed=4,collision=0,timeout=0,deadlock=0,completion=29.53",no
main__static_clutter__MAPPO__seed2,main,MAPPO,static_clutter,2,100,20,100,checkpoints/MAPPO/static_clutter/seed2_ep100.pt,6a0bd037f8697b5eeac73779131a2229fbd81cd7b7caaf3ba8127a7e59942fe5,10bd6134d1956b59ae9f946801ced612b270f924,a15ec6ff235901b1692c7cf9dbd2346970be0864d8b509cdf162d5443047cac2,"completed=4,collision=0,timeout=0,deadlock=0,completion=29.99",no
main__static_clutter__MAPPO__seed3,main,MAPPO,static_clutter,3,100,20,100,checkpoints/MAPPO/static_clutter/seed3_ep100.pt,719530eb98e793eb5a65cd49772fe7dffecf6aae016fcf70507b708c346a2fe1,10bd6134d1956b59ae9f946801ced612b270f924,a15ec6ff235901b1692c7cf9dbd2346970be0864d8b509cdf162d5443047cac2,"completed=4,collision=0,timeout=0,deadlock=0,completion=30.82",no
main__static_clutter__MAPPO__seed4,main,MAPPO,static_clutter,4,100,20,85,checkpoints/MAPPO/static_clutter/seed4_ep85.pt,840482c27686e25edc4533601879d72af9f5e2173bf0e8e5130a49ebff58043b,10bd6134d1956b59ae9f946801ced612b270f924,a15ec6ff235901b1692c7cf9dbd2346970be0864d8b509cdf162d5443047cac2,"completed=4,collision=0,timeout=0,deadlock=0,completion=29.94",no
main__static_clutter__MAPPO__seed5,main,MAPPO,static_clutter,5,100,20,95,checkpoints/MAPPO/static_clutter/seed5_ep95.pt,a3c26d6f95db7d9cd8142bb14d4501f05c5894c92a3ea977c6fa12033aa48b39,10bd6134d1956b59ae9f946801ced612b270f924,a15ec6ff235901b1692c7cf9dbd2346970be0864d8b509cdf162d5443047cac2,"completed=4,collision=0,timeout=0,deadlock=0,completion=30.70",no
main__static_clutter__MAPPO__seed6,main,MAPPO,static_clutter,6,100,20,90,checkpoints/MAPPO/static_clutter/seed6_ep90.pt,4ef9ed257bf9b92f926da310e13a03f687b3473a94b0db93bf5c23291c5be255,10bd6134d1956b59ae9f946801ced612b270f924,a15ec6ff235901b1692c7cf9dbd2346970be0864d8b509cdf162d5443047cac2,"completed=4,collision=0,timeout=0,deadlock=0,completion=29.58",no
main__static_clutter__MAPPO__seed7,main,MAPPO,static_clutter,7,100,20,85,checkpoints/MAPPO/static_clutter/seed7_ep85.pt,299d06ba45073c5edd950efbcf8b612a5df29b4d69460f2285caf150fe46db37,10bd6134d1956b59ae9f946801ced612b270f924,a15ec6ff235901b1692c7cf9dbd2346970be0864d8b509cdf162d5443047cac2,"completed=4,collision=0,timeout=0,deadlock=0,completion=30.92",no
main__dynamic_pedestrians__MAPPO__seed0,main,MAPPO,dynamic_pedestrians,0,100,20,95,checkpoints/MAPPO/dynamic_pedestrians/seed0_ep95.pt,ff4a2fa76f06790ca78040ecf4d7df38359d529c0be7e7e0347d0da47c594728,10bd6134d1956b59ae9f946801ced612b270f924,a15ec6ff235901b1692c7cf9dbd2346970be0864d8b509cdf162d5443047cac2,"completed=4,collision=0,timeout=0,deadlock=0,completion=26.93",no
main__dynamic_pedestrians__MAPPO__seed1,main,MAPPO,dynamic_pedestrians,1,100,20,100,checkpoints/MAPPO/dynamic_pedestrians/seed1_ep100.pt,0f00ce21cc6b271e6e5b8f78ff900dbf7ea8424224e5079bbbd35108c07b5b9b,10bd6134d1956b59ae9f946801ced612b270f924,a15ec6ff235901b1692c7cf9dbd2346970be0864d8b509cdf162d5443047cac2,"completed=4,collision=0,timeout=0,deadlock=0,completion=26.41",no
main__dynamic_pedestrians__MAPPO__seed2,main,MAPPO,dynamic_pedestrians,2,100,20,80,checkpoints/MAPPO/dynamic_pedestrians/seed2_ep80.pt,ed04c8a5e8d6d1e7298bb5d8677fb0d9ce116f77e5bb0771f4beb4edac29f640,10bd6134d1956b59ae9f946801ced612b270f924,a15ec6ff235901b1692c7cf9dbd2346970be0864d8b509cdf162d5443047cac2,"completed=4,collision=0,timeout=0,deadlock=0,completion=26.49",no
main__dynamic_pedestrians__MAPPO__seed3,main,MAPPO,dynamic_pedestrians,3,100,20,95,checkpoints/MAPPO/dynamic_pedestrians/seed3_ep95.pt,c49bd02165e78b3faef62928782ceb9d78ec7c0c032be83b0beff632a8ded4e7,10bd6134d1956b59ae9f946801ced612b270f924,a15ec6ff235901b1692c7cf9dbd2346970be0864d8b509cdf162d5443047cac2,"completed=4,collision=0,timeout=0,deadlock=0,completion=26.90",no
main__dynamic_pedestrians__MAPPO__seed4,main,MAPPO,dynamic_pedestrians,4,100,20,75,checkpoints/MAPPO/dynamic_pedestrians/seed4_ep75.pt,851644064e0971fda7cfd8bb07c9fdb625dea9bdb6bde0d0b96a36619ad97e43,10bd6134d1956b59ae9f946801ced612b270f924,a15ec6ff235901b1692c7cf9dbd2346970be0864d8b509cdf162d5443047cac2,"completed=4,collision=0,timeout=0,deadlock=0,completion=27.57",no
main__dynamic_pedestrians__MAPPO__seed5,main,MAPPO,dynamic_pedestrians,5,100,20,80,checkpoints/MAPPO/dynamic_pedestrians/seed5_ep80.pt,16bb3ca5765ef85894c0d249a7d137fba179a84e8f8926c4419573ffacb58c56,10bd6134d1956b59ae9f946801ced612b270f924,a15ec6ff235901b1692c7cf9dbd2346970be0864d8b509cdf162d5443047cac2,"completed=4,collision=0,timeout=0,deadlock=0,completion=26.72",no
main__dynamic_pedestrians__MAPPO__seed6,main,MAPPO,dynamic_pedestrians,6,100,20,100,checkpoints/MAPPO/dynamic_pedestrians/seed6_ep100.pt,b56d990f86e127ab112ddac2fb337b251ae17f5ad76b8178586de0d9fb632c9d,10bd6134d1956b59ae9f946801ced612b270f924,a15ec6ff235901b1692c7cf9dbd2346970be0864d8b509cdf162d5443047cac2,"completed=4,collision=0,timeout=0,deadlock=0,completion=26.90",no
main__dynamic_pedestrians__MAPPO__seed7,main,MAPPO,dynamic_pedestrians,7,100,20,80,checkpoints/MAPPO/dynamic_pedestrians/seed7_ep80.pt,4607c21b2eb4a7a8f399ce755480a47d973b10f48a6daa24eba74568f388c86d,10bd6134d1956b59ae9f946801ced612b270f924,a15ec6ff235901b1692c7cf9dbd2346970be0864d8b509cdf162d5443047cac2,"completed=4,collision=0,timeout=0,deadlock=0,completion=27.24",no
main__mixed_complex__MAPPO__seed0,main,MAPPO,mixed_complex,0,100,20,100,checkpoints/MAPPO/mixed_complex/seed0_ep100.pt,0ca502417fc7ce8cc715ac05c7cd72fcb2ab4cb604afa783f55aae11b03dfdbc,10bd6134d1956b59ae9f946801ced612b270f924,a15ec6ff235901b1692c7cf9dbd2346970be0864d8b509cdf162d5443047cac2,"completed=4,collision=0,timeout=0,deadlock=0,completion=39.80",no
main__mixed_complex__MAPPO__seed1,main,MAPPO,mixed_complex,1,100,20,85,checkpoints/MAPPO/mixed_complex/seed1_ep85.pt,9bb98e4f7d842e98fa4b512044747bc0b4c47124b2236f646416b2580d4dfee9,10bd6134d1956b59ae9f946801ced612b270f924,a15ec6ff235901b1692c7cf9dbd2346970be0864d8b509cdf162d5443047cac2,"completed=4,collision=0,timeout=0,deadlock=0,completion=39.76",no
main__mixed_complex__MAPPO__seed2,main,MAPPO,mixed_complex,2,100,20,85,checkpoints/MAPPO/mixed_complex/seed2_ep85.pt,37a60b6c598a8fb52ef0630130a0ff25612e37a333346153c086f87037cb7f26,10bd6134d1956b59ae9f946801ced612b270f924,a15ec6ff235901b1692c7cf9dbd2346970be0864d8b509cdf162d5443047cac2,"completed=4,collision=0,timeout=0,deadlock=0,completion=40.05",no
main__mixed_complex__MAPPO__seed3,main,MAPPO,mixed_complex,3,100,20,90,checkpoints/MAPPO/mixed_complex/seed3_ep90.pt,c45a8e9f7fbaccddb1f1ca519e29fef66b0e7446efa6c7104be796e719d0f8ce,10bd6134d1956b59ae9f946801ced612b270f924,a15ec6ff235901b1692c7cf9dbd2346970be0864d8b509cdf162d5443047cac2,"completed=4,collision=0,timeout=0,deadlock=0,completion=40.93",no
main__mixed_complex__MAPPO__seed4,main,MAPPO,mixed_complex,4,100,20,90,checkpoints/MAPPO/mixed_complex/seed4_ep90.pt,e636f42911fd38bd9840b30fc3b2209eac23d4212d0409ef97cf77ff3e60b89e,10bd6134d1956b59ae9f946801ced612b270f924,a15ec6ff235901b1692c7cf9dbd2346970be0864d8b509cdf162d5443047cac2,"completed=4,collision=0,timeout=0,deadlock=0,completion=39.58",no
main__mixed_complex__MAPPO__seed5,main,MAPPO,mixed_complex,5,100,20,80,checkpoints/MAPPO/mixed_complex/seed5_ep80.pt,e6a2846538f683858547fe4180abdaf81394daa57a969cd7b89cd97ba0793342,10bd6134d1956b59ae9f946801ced612b270f924,a15ec6ff235901b1692c7cf9dbd2346970be0864d8b509cdf162d5443047cac2,"completed=4,collision=0,timeout=0,deadlock=0,completion=39.68",no
main__mixed_complex__MAPPO__seed6,main,MAPPO,mixed_complex,6,100,20,85,checkpoints/MAPPO/mixed_complex/seed6_ep85.pt,be0fc729bb8d0d485bb80c427b94aecfdfb3c2bde20e06ada2f436a88984e96a,10bd6134d1956b59ae9f946801ced612b270f924,a15ec6ff235901b1692c7cf9dbd2346970be0864d8b509cdf162d5443047cac2,"completed=4,collision=0,timeout=0,deadlock=0,completion=40.38",no
main__mixed_complex__MAPPO__seed7,main,MAPPO,mixed_complex,7,100,20,90,checkpoints/MAPPO/mixed_complex/seed7_ep90.pt,eab3d77c6f40495132dedf0d69ec50ff214661db19ef84577a7df6302eab57ca,10bd6134d1956b59ae9f946801ced612b270f924,a15ec6ff235901b1692c7cf9dbd2346970be0864d8b509cdf162d5443047cac2,"completed=4,collision=0,timeout=0,deadlock=0,completion=39.70",no
main__static_clutter__MADDPG-style__seed0,main,MADDPG-style,static_clutter,0,100,20,85,checkpoints/MADDPG-style/static_clutter/seed0_ep85.pt,265e89e44b989dc8a332a4791c1d4edc3c47ad009cce9068ca2f8c1e544878bc,10bd6134d1956b59ae9f946801ced612b270f924,578d09fe08dd07cde7981c884d7bc11ea81fcbc5722bc41604d547bdffa3117d,"completed=4,collision=0,timeout=0,deadlock=0,completion=29.23",no
main__static_clutter__MADDPG-style__seed1,main,MADDPG-style,static_clutter,1,100,20,95,checkpoints/MADDPG-style/static_clutter/seed1_ep95.pt,aee990dc0ea64b2a5f68ad07aed8a5ea50dea95bc4d99078f5ad6f301644c905,10bd6134d1956b59ae9f946801ced612b270f924,578d09fe08dd07cde7981c884d7bc11ea81fcbc5722bc41604d547bdffa3117d,"completed=4,collision=0,timeout=0,deadlock=0,completion=29.47",no
main__static_clutter__MADDPG-style__seed2,main,MADDPG-style,static_clutter,2,100,20,80,checkpoints/MADDPG-style/static_clutter/seed2_ep80.pt,8d50d5990df7d0ef7138b722e2cd761cb2dffb6adbf1f051db41adad6fa0f010,10bd6134d1956b59ae9f946801ced612b270f924,578d09fe08dd07cde7981c884d7bc11ea81fcbc5722bc41604d547bdffa3117d,"completed=4,collision=0,timeout=0,deadlock=0,completion=29.42",no
main__static_clutter__MADDPG-style__seed3,main,MADDPG-style,static_clutter,3,100,20,90,checkpoints/MADDPG-style/static_clutter/seed3_ep90.pt,b5e23d8162fb227f99bf3a99a5e0591ae6bddc2da5b83952399efeb2cbec6b21,10bd6134d1956b59ae9f946801ced612b270f924,578d09fe08dd07cde7981c884d7bc11ea81fcbc5722bc41604d547bdffa3117d,"completed=4,collision=0,timeout=0,deadlock=0,completion=30.07",no
main__static_clutter__MADDPG-style__seed4,main,MADDPG-style,static_clutter,4,100,20,95,checkpoints/MADDPG-style/static_clutter/seed4_ep95.pt,3de4efe35506de3c921c6d0844c76d3ec51075f53bc30cc62b81b95825d499dd,10bd6134d1956b59ae9f946801ced612b270f924,578d09fe08dd07cde7981c884d7bc11ea81fcbc5722bc41604d547bdffa3117d,"completed=4,collision=0,timeout=0,deadlock=0,completion=29.20",no
main__static_clutter__MADDPG-style__seed5,main,MADDPG-style,static_clutter,5,100,20,95,checkpoints/MADDPG-style/static_clutter/seed5_ep95.pt,b18fa14f7a04693e3e892422a03c1606401a1b19bc238230d073cfdb317f53c6,10bd6134d1956b59ae9f946801ced612b270f924,578d09fe08dd07cde7981c884d7bc11ea81fcbc5722bc41604d547bdffa3117d,"completed=4,collision=0,timeout=0,deadlock=0,completion=29.62",no
main__static_clutter__MADDPG-style__seed6,main,MADDPG-style,static_clutter,6,100,20,85,checkpoints/MADDPG-style/static_clutter/seed6_ep85.pt,610379e1059e7fb271a6fd193f910ee4a566658aefff59646b2b377b9d608819,10bd6134d1956b59ae9f946801ced612b270f924,578d09fe08dd07cde7981c884d7bc11ea81fcbc5722bc41604d547bdffa3117d,"completed=4,collision=0,timeout=0,deadlock=0,completion=29.30",no
main__static_clutter__MADDPG-style__seed7,main,MADDPG-style,static_clutter,7,100,20,85,checkpoints/MADDPG-style/static_clutter/seed7_ep85.pt,c738af6d3e69b215243d37883e031bfe13257a76895d86e02874959facc4aa79,10bd6134d1956b59ae9f946801ced612b270f924,578d09fe08dd07cde7981c884d7bc11ea81fcbc5722bc41604d547bdffa3117d,"completed=4,collision=0,timeout=0,deadlock=0,completion=29.27",no
main__dynamic_pedestrians__MADDPG-style__seed0,main,MADDPG-style,dynamic_pedestrians,0,100,20,95,checkpoints/MADDPG-style/dynamic_pedestrians/seed0_ep95.pt,22ba23afb82dd8ade0b6717a95e954dfced88a7275649ffa84ea24636e9fc8e4,10bd6134d1956b59ae9f946801ced612b270f924,578d09fe08dd07cde7981c884d7bc11ea81fcbc5722bc41604d547bdffa3117d,"completed=4,collision=0,timeout=0,deadlock=0,completion=26.58",no
main__dynamic_pedestrians__MADDPG-style__seed1,main,MADDPG-style,dynamic_pedestrians,1,100,20,85,checkpoints/MADDPG-style/dynamic_pedestrians/seed1_ep85.pt,24ef00c2101fb55789b2c53c0d8fdb6699713f040a0d78b211b9ee757a25c938,10bd6134d1956b59ae9f946801ced612b270f924,578d09fe08dd07cde7981c884d7bc11ea81fcbc5722bc41604d547bdffa3117d,"completed=4,collision=0,timeout=0,deadlock=0,completion=26.18",no
main__dynamic_pedestrians__MADDPG-style__seed2,main,MADDPG-style,dynamic_pedestrians,2,100,20,100,checkpoints/MADDPG-style/dynamic_pedestrians/seed2_ep100.pt,656b5a2950388f1e8c3ac5af14a6ff77d248c8267b7e5c4bc8dfbe0218789a38,10bd6134d1956b59ae9f946801ced612b270f924,578d09fe08dd07cde7981c884d7bc11ea81fcbc5722bc41604d547bdffa3117d,"completed=4,collision=0,timeout=0,deadlock=0,completion=26.24",no
main__dynamic_pedestrians__MADDPG-style__seed3,main,MADDPG-style,dynamic_pedestrians,3,100,20,70,checkpoints/MADDPG-style/dynamic_pedestrians/seed3_ep70.pt,0102f4da9e9216ccef46082fd9d22153a63eb42c8ee3a3367744f62bfc2bb4b0,10bd6134d1956b59ae9f946801ced612b270f924,578d09fe08dd07cde7981c884d7bc11ea81fcbc5722bc41604d547bdffa3117d,"completed=4,collision=0,timeout=0,deadlock=0,completion=27.26",no
main__dynamic_pedestrians__MADDPG-style__seed4,main,MADDPG-style,dynamic_pedestrians,4,100,20,95,checkpoints/MADDPG-style/dynamic_pedestrians/seed4_ep95.pt,7cd8e17820e512a3f842a0f68bd27b7bf2ac3d8be10b9cd054b3857fa2c7fb2c,10bd6134d1956b59ae9f946801ced612b270f924,578d09fe08dd07cde7981c884d7bc11ea81fcbc5722bc41604d547bdffa3117d,"completed=4,collision=0,timeout=0,deadlock=0,completion=26.34",no
main__dynamic_pedestrians__MADDPG-style__seed5,main,MADDPG-style,dynamic_pedestrians,5,100,20,95,checkpoints/MADDPG-style/dynamic_pedestrians/seed5_ep95.pt,e64b997c2083e072d9e46c5cadf5057466da9c9a08b370e3f938098054510aee,10bd6134d1956b59ae9f946801ced612b270f924,578d09fe08dd07cde7981c884d7bc11ea81fcbc5722bc41604d547bdffa3117d,"completed=4,collision=0,timeout=0,deadlock=0,completion=26.43",no
main__dynamic_pedestrians__MADDPG-style__seed6,main,MADDPG-style,dynamic_pedestrians,6,100,20,85,checkpoints/MADDPG-style/dynamic_pedestrians/seed6_ep85.pt,55ab5e18005370f7641f6c74aa68d386319af0225724805412c14f44c0ea8343,10bd6134d1956b59ae9f946801ced612b270f924,578d09fe08dd07cde7981c884d7bc11ea81fcbc5722bc41604d547bdffa3117d,"completed=4,collision=0,timeout=0,deadlock=0,completion=27.17",no
main__dynamic_pedestrians__MADDPG-style__seed7,main,MADDPG-style,dynamic_pedestrians,7,100,20,85,checkpoints/MADDPG-style/dynamic_pedestrians/seed7_ep85.pt,65a79fa7953143f37d69a4298069a2c482d0277f8c6220ea84382484544d4211,10bd6134d1956b59ae9f946801ced612b270f924,578d09fe08dd07cde7981c884d7bc11ea81fcbc5722bc41604d547bdffa3117d,"completed=4,collision=0,timeout=0,deadlock=0,completion=26.66",no
main__mixed_complex__MADDPG-style__seed0,main,MADDPG-style,mixed_complex,0,100,20,95,checkpoints/MADDPG-style/mixed_complex/seed0_ep95.pt,123843d5f0936dc739f563b8fa202a9fdc32ee41f6ea2205276c188101cc4fe1,10bd6134d1956b59ae9f946801ced612b270f924,578d09fe08dd07cde7981c884d7bc11ea81fcbc5722bc41604d547bdffa3117d,"completed=4,collision=0,timeout=0,deadlock=0,completion=39.92",no
main__mixed_complex__MADDPG-style__seed1,main,MADDPG-style,mixed_complex,1,100,20,90,checkpoints/MADDPG-style/mixed_complex/seed1_ep90.pt,c9bf02b3eba796eead854fa043aba6aa177db2b1d628e2818e0424346362cefa,10bd6134d1956b59ae9f946801ced612b270f924,578d09fe08dd07cde7981c884d7bc11ea81fcbc5722bc41604d547bdffa3117d,"completed=4,collision=0,timeout=0,deadlock=0,completion=39.44",no
main__mixed_complex__MADDPG-style__seed2,main,MADDPG-style,mixed_complex,2,100,20,90,checkpoints/MADDPG-style/mixed_complex/seed2_ep90.pt,cc36ef565d23ea12f69f2e258676d8f46e8de79927a7aa951bc31c77354f20c3,10bd6134d1956b59ae9f946801ced612b270f924,578d09fe08dd07cde7981c884d7bc11ea81fcbc5722bc41604d547bdffa3117d,"completed=4,collision=0,timeout=0,deadlock=0,completion=39.21",no
main__mixed_complex__MADDPG-style__seed3,main,MADDPG-style,mixed_complex,3,100,20,80,checkpoints/MADDPG-style/mixed_complex/seed3_ep80.pt,ccdf7053472e904497483b88ba2d0670264dabc88f956cca93c06e68b57715bc,10bd6134d1956b59ae9f946801ced612b270f924,578d09fe08dd07cde7981c884d7bc11ea81fcbc5722bc41604d547bdffa3117d,"completed=4,collision=0,timeout=0,deadlock=0,completion=39.87",no
main__mixed_complex__MADDPG-style__seed4,main,MADDPG-style,mixed_complex,4,100,20,80,checkpoints/MADDPG-style/mixed_complex/seed4_ep80.pt,2386c5518da493b17b745d0e4c181ce30487d62ded78986a7e697f67b6960e3b,10bd6134d1956b59ae9f946801ced612b270f924,578d09fe08dd07cde7981c884d7bc11ea81fcbc5722bc41604d547bdffa3117d,"completed=4,collision=0,timeout=0,deadlock=0,completion=39.34",no
main__mixed_complex__MADDPG-style__seed5,main,MADDPG-style,mixed_complex,5,100,20,80,checkpoints/MADDPG-style/mixed_complex/seed5_ep80.pt,5de7bc74c1568867e6e23d4a7dfed393551a39787d73407484ec2a6365f31b56,10bd6134d1956b59ae9f946801ced612b270f924,578d09fe08dd07cde7981c884d7bc11ea81fcbc5722bc41604d547bdffa3117d,"completed=4,collision=0,timeout=0,deadlock=0,completion=39.21",no
main__mixed_complex__MADDPG-style__seed6,main,MADDPG-style,mixed_complex,6,100,20,100,checkpoints/MADDPG-style/mixed_complex/seed6_ep100.pt,0422041699ff2f45b8c1f1b18366a66f506ece18bf78055b1bb41a1a9a7c5fa1,10bd6134d1956b59ae9f946801ced612b270f924,578d09fe08dd07cde7981c884d7bc11ea81fcbc5722bc41604d547bdffa3117d,"completed=4,collision=0,timeout=0,deadlock=0,completion=39.92",no
main__mixed_complex__MADDPG-style__seed7,main,MADDPG-style,mixed_complex,7,100,20,80,checkpoints/MADDPG-style/mixed_complex/seed7_ep80.pt,ec8010102a7bc984b41705612672c4d645130d8baa303509cc9e241964a8bb03,10bd6134d1956b59ae9f946801ced612b270f924,578d09fe08dd07cde7981c884d7bc11ea81fcbc5722bc41604d547bdffa3117d,"completed=4,collision=0,timeout=0,deadlock=0,completion=40.12",no
main__static_clutter__CA-GAT-MAPPO__seed0,main,CA-GAT-MAPPO,static_clutter,0,100,20,80,checkpoints/CA-GAT-MAPPO/static_clutter/seed0_ep80.pt,32b57b023ab33276da86134da501d84a771975144fd1f90211ad7e29af38e612,10bd6134d1956b59ae9f946801ced612b270f924,66cc412b499a209805b0a9aec16236066d1f6badcfb67616bcc43f1399e4cf50,"completed=4,collision=0,timeout=0,deadlock=0,completion=30.16",no
main__static_clutter__CA-GAT-MAPPO__seed1,main,CA-GAT-MAPPO,static_clutter,1,100,20,100,checkpoints/CA-GAT-MAPPO/static_clutter/seed1_ep100.pt,c8383894f1ca21040260723e2d1af03750871b973ced1600e136c41c5efec297,10bd6134d1956b59ae9f946801ced612b270f924,66cc412b499a209805b0a9aec16236066d1f6badcfb67616bcc43f1399e4cf50,"completed=4,collision=0,timeout=0,deadlock=0,completion=31.08",no
main__static_clutter__CA-GAT-MAPPO__seed2,main,CA-GAT-MAPPO,static_clutter,2,100,20,90,checkpoints/CA-GAT-MAPPO/static_clutter/seed2_ep90.pt,65d1a2863c9025e481d4b3e0e77c45baddf47b35dc01a861ea5f76c4a6887f11,10bd6134d1956b59ae9f946801ced612b270f924,66cc412b499a209805b0a9aec16236066d1f6badcfb67616bcc43f1399e4cf50,"completed=4,collision=0,timeout=0,deadlock=0,completion=30.60",no
main__static_clutter__CA-GAT-MAPPO__seed3,main,CA-GAT-MAPPO,static_clutter,3,100,20,85,checkpoints/CA-GAT-MAPPO/static_clutter/seed3_ep85.pt,393abcb6fd079222a545cf2499fb150dadc203e2815c82a78f7abad9197326a6,10bd6134d1956b59ae9f946801ced612b270f924,66cc412b499a209805b0a9aec16236066d1f6badcfb67616bcc43f1399e4cf50,"completed=4,collision=0,timeout=0,deadlock=0,completion=30.54",no
main__static_clutter__CA-GAT-MAPPO__seed4,main,CA-GAT-MAPPO,static_clutter,4,100,20,70,checkpoints/CA-GAT-MAPPO/static_clutter/seed4_ep70.pt,85b75cebabfb43f6a21217c01bab2b4f56989a8e52faee5c7b1d32074fb631b4,10bd6134d1956b59ae9f946801ced612b270f924,66cc412b499a209805b0a9aec16236066d1f6badcfb67616bcc43f1399e4cf50,"completed=4,collision=0,timeout=0,deadlock=0,completion=31.76",no
main__static_clutter__CA-GAT-MAPPO__seed5,main,CA-GAT-MAPPO,static_clutter,5,100,20,100,checkpoints/CA-GAT-MAPPO/static_clutter/seed5_ep100.pt,b283858f9617c2e897d90052b2b1ac6b911654067f7448e0591c4b0a22e81cf3,10bd6134d1956b59ae9f946801ced612b270f924,66cc412b499a209805b0a9aec16236066d1f6badcfb67616bcc43f1399e4cf50,"completed=4,collision=0,timeout=0,deadlock=0,completion=30.31",no
main__static_clutter__CA-GAT-MAPPO__seed6,main,CA-GAT-MAPPO,static_clutter,6,100,20,75,checkpoints/CA-GAT-MAPPO/static_clutter/seed6_ep75.pt,ef4c83bb67c9f35ae17c7edff65168d0fc1c2678708c0a26ce593a6eaab9adbf,10bd6134d1956b59ae9f946801ced612b270f924,66cc412b499a209805b0a9aec16236066d1f6badcfb67616bcc43f1399e4cf50,"completed=4,collision=0,timeout=0,deadlock=0,completion=30.69",no
main__static_clutter__CA-GAT-MAPPO__seed7,main,CA-GAT-MAPPO,static_clutter,7,100,20,95,checkpoints/CA-GAT-MAPPO/static_clutter/seed7_ep95.pt,41ade5638b5129fa2e9fb7b1868b2eb2c7d7653272d8088df577bf04180280c1,10bd6134d1956b59ae9f946801ced612b270f924,66cc412b499a209805b0a9aec16236066d1f6badcfb67616bcc43f1399e4cf50,"completed=4,collision=0,timeout=0,deadlock=0,completion=30.31",no
main__dynamic_pedestrians__CA-GAT-MAPPO__seed0,main,CA-GAT-MAPPO,dynamic_pedestrians,0,100,20,90,checkpoints/CA-GAT-MAPPO/dynamic_pedestrians/seed0_ep90.pt,80d9888a6ef5c2096124f3a3adf8dcd3ea1694dc398f06e30dee26bd6896613e,10bd6134d1956b59ae9f946801ced612b270f924,66cc412b499a209805b0a9aec16236066d1f6badcfb67616bcc43f1399e4cf50,"completed=4,collision=0,timeout=0,deadlock=0,completion=27.15",no
main__dynamic_pedestrians__CA-GAT-MAPPO__seed1,main,CA-GAT-MAPPO,dynamic_pedestrians,1,100,20,80,checkpoints/CA-GAT-MAPPO/dynamic_pedestrians/seed1_ep80.pt,853b8d05a2d24ff0811eaacc9de88b80e1d12b02619eed5528fe1b37924a2672,10bd6134d1956b59ae9f946801ced612b270f924,66cc412b499a209805b0a9aec16236066d1f6badcfb67616bcc43f1399e4cf50,"completed=4,collision=0,timeout=0,deadlock=0,completion=26.89",no
main__dynamic_pedestrians__CA-GAT-MAPPO__seed2,main,CA-GAT-MAPPO,dynamic_pedestrians,2,100,20,80,checkpoints/CA-GAT-MAPPO/dynamic_pedestrians/seed2_ep80.pt,ac0c5c1eb164ce2555cc526b6600605a7e9b782381fd221505067a8d01572bcb,10bd6134d1956b59ae9f946801ced612b270f924,66cc412b499a209805b0a9aec16236066d1f6badcfb67616bcc43f1399e4cf50,"completed=4,collision=0,timeout=0,deadlock=0,completion=27.26",no
main__dynamic_pedestrians__CA-GAT-MAPPO__seed3,main,CA-GAT-MAPPO,dynamic_pedestrians,3,100,20,90,checkpoints/CA-GAT-MAPPO/dynamic_pedestrians/seed3_ep90.pt,10d915010ebf997460263d25dc25da09b8048e5edcff22f793b4ddeb60cfa59c,10bd6134d1956b59ae9f946801ced612b270f924,66cc412b499a209805b0a9aec16236066d1f6badcfb67616bcc43f1399e4cf50,"completed=4,collision=0,timeout=0,deadlock=0,completion=27.83",no
main__dynamic_pedestrians__CA-GAT-MAPPO__seed4,main,CA-GAT-MAPPO,dynamic_pedestrians,4,100,20,95,checkpoints/CA-GAT-MAPPO/dynamic_pedestrians/seed4_ep95.pt,0edc52a8acd379186c6ab98c1042d7e7743916870297cd3cab3f7db83225a1b4,10bd6134d1956b59ae9f946801ced612b270f924,66cc412b499a209805b0a9aec16236066d1f6badcfb67616bcc43f1399e4cf50,"completed=4,collision=0,timeout=0,deadlock=0,completion=27.40",no
main__dynamic_pedestrians__CA-GAT-MAPPO__seed5,main,CA-GAT-MAPPO,dynamic_pedestrians,5,100,20,95,checkpoints/CA-GAT-MAPPO/dynamic_pedestrians/seed5_ep95.pt,204d63fa6fe63720e7c75a9149e92a5a44a1162effa5d3cf08e42b89f72cfb7d,10bd6134d1956b59ae9f946801ced612b270f924,66cc412b499a209805b0a9aec16236066d1f6badcfb67616bcc43f1399e4cf50,"completed=4,collision=0,timeout=0,deadlock=0,completion=26.99",no
main__dynamic_pedestrians__CA-GAT-MAPPO__seed6,main,CA-GAT-MAPPO,dynamic_pedestrians,6,100,20,75,checkpoints/CA-GAT-MAPPO/dynamic_pedestrians/seed6_ep75.pt,6a90eb5c2f6f6818cfbba4a0b454c79b02975e3e195f2d5cb614c7bd0987a2d7,10bd6134d1956b59ae9f946801ced612b270f924,66cc412b499a209805b0a9aec16236066d1f6badcfb67616bcc43f1399e4cf50,"completed=4,collision=0,timeout=0,deadlock=0,completion=27.86",no
main__dynamic_pedestrians__CA-GAT-MAPPO__seed7,main,CA-GAT-MAPPO,dynamic_pedestrians,7,100,20,80,checkpoints/CA-GAT-MAPPO/dynamic_pedestrians/seed7_ep80.pt,c5f357624178b8ece5882b896805a8822cfce3350111dcb4accb2dcb62a98c13,10bd6134d1956b59ae9f946801ced612b270f924,66cc412b499a209805b0a9aec16236066d1f6badcfb67616bcc43f1399e4cf50,"completed=4,collision=0,timeout=0,deadlock=0,completion=26.96",no
main__mixed_complex__CA-GAT-MAPPO__seed0,main,CA-GAT-MAPPO,mixed_complex,0,100,20,80,checkpoints/CA-GAT-MAPPO/mixed_complex/seed0_ep80.pt,bfcedc1c8f0ae2806ebdc8d7c572ba9275e4a0487907899821a3d107e71101ce,10bd6134d1956b59ae9f946801ced612b270f924,66cc412b499a209805b0a9aec16236066d1f6badcfb67616bcc43f1399e4cf50,"completed=4,collision=0,timeout=0,deadlock=0,completion=40.54",no
main__mixed_complex__CA-GAT-MAPPO__seed1,main,CA-GAT-MAPPO,mixed_complex,1,100,20,100,checkpoints/CA-GAT-MAPPO/mixed_complex/seed1_ep100.pt,8ed99808c66525bebda19333f1531725f5d3205410e0532243400e3764a1fdb8,10bd6134d1956b59ae9f946801ced612b270f924,66cc412b499a209805b0a9aec16236066d1f6badcfb67616bcc43f1399e4cf50,"completed=4,collision=0,timeout=0,deadlock=0,completion=40.59",no
main__mixed_complex__CA-GAT-MAPPO__seed2,main,CA-GAT-MAPPO,mixed_complex,2,100,20,80,checkpoints/CA-GAT-MAPPO/mixed_complex/seed2_ep80.pt,83df6211c82175f2b55c0f388fd343ffc3f228c028273b13498381129ab10241,10bd6134d1956b59ae9f946801ced612b270f924,66cc412b499a209805b0a9aec16236066d1f6badcfb67616bcc43f1399e4cf50,"completed=4,collision=0,timeout=0,deadlock=0,completion=41.13",no
main__mixed_complex__CA-GAT-MAPPO__seed3,main,CA-GAT-MAPPO,mixed_complex,3,100,20,80,checkpoints/CA-GAT-MAPPO/mixed_complex/seed3_ep80.pt,db73792d69e34f730009208f36e16377f566a0653b487afb0c9e2546504e61a0,10bd6134d1956b59ae9f946801ced612b270f924,66cc412b499a209805b0a9aec16236066d1f6badcfb67616bcc43f1399e4cf50,"completed=4,collision=0,timeout=0,deadlock=0,completion=40.48",no
main__mixed_complex__CA-GAT-MAPPO__seed4,main,CA-GAT-MAPPO,mixed_complex,4,100,20,90,checkpoints/CA-GAT-MAPPO/mixed_complex/seed4_ep90.pt,f5e210f1f3eada71e80dc9a96ddd0372317557285c215726f7fc87779a373c42,10bd6134d1956b59ae9f946801ced612b270f924,66cc412b499a209805b0a9aec16236066d1f6badcfb67616bcc43f1399e4cf50,"completed=4,collision=0,timeout=0,deadlock=0,completion=40.55",no
main__mixed_complex__CA-GAT-MAPPO__seed5,main,CA-GAT-MAPPO,mixed_complex,5,100,20,100,checkpoints/CA-GAT-MAPPO/mixed_complex/seed5_ep100.pt,da29fb12dd230cb7a8ee1e88c60ca8b2d6077612165ed390a9456fb3ca05bd64,10bd6134d1956b59ae9f946801ced612b270f924,66cc412b499a209805b0a9aec16236066d1f6badcfb67616bcc43f1399e4cf50,"completed=4,collision=0,timeout=0,deadlock=0,completion=40.62",no
main__mixed_complex__CA-GAT-MAPPO__seed6,main,CA-GAT-MAPPO,mixed_complex,6,100,20,90,checkpoints/CA-GAT-MAPPO/mixed_complex/seed6_ep90.pt,ed09582cb314a7d6fb62a2969e8ec146c4ad5a35bbded88314c57cd591ec5719,10bd6134d1956b59ae9f946801ced612b270f924,66cc412b499a209805b0a9aec16236066d1f6badcfb67616bcc43f1399e4cf50,"completed=4,collision=0,timeout=0,deadlock=0,completion=40.26",no
main__mixed_complex__CA-GAT-MAPPO__seed7,main,CA-GAT-MAPPO,mixed_complex,7,100,20,80,checkpoints/CA-GAT-MAPPO/mixed_complex/seed7_ep80.pt,7aecf6a7e53711d5a0f1473913406cc645bbc0aa42ebc65a753ac1a5648703b0,10bd6134d1956b59ae9f946801ced612b270f924,66cc412b499a209805b0a9aec16236066d1f6badcfb67616bcc43f1399e4cf50,"completed=4,collision=0,timeout=0,deadlock=0,completion=40.49",no
ablation__mixed_complex__Full_CA-GAT-MAPPO__seed0,ablation,Full CA-GAT-MAPPO,mixed_complex,0,100,20,80,checkpoints/Full CA-GAT-MAPPO/mixed_complex/seed0_ep80.pt,e850924e53b1b52b5df6b194b4cc568d08282b00ccd43880d1b6a6b8218dbbb9,6ab462282254dde9da98b27b25c83d9d362b1a8c,2053082647b037e2c23c1d0b3c528202c2b892aecd3bc3cb1bd0b0efe58606c8,"completed=4,collision=0,completion=33.80",no
ablation__mixed_complex__Full_CA-GAT-MAPPO__seed1,ablation,Full CA-GAT-MAPPO,mixed_complex,1,100,20,80,checkpoints/Full CA-GAT-MAPPO/mixed_complex/seed1_ep80.pt,18bb7d99f3e5436610f738c4d61094d5fe92aaf20353f2bbd518f61731da8668,6ab462282254dde9da98b27b25c83d9d362b1a8c,2053082647b037e2c23c1d0b3c528202c2b892aecd3bc3cb1bd0b0efe58606c8,"completed=4,collision=0,completion=35.31",no
ablation__mixed_complex__Full_CA-GAT-MAPPO__seed2,ablation,Full CA-GAT-MAPPO,mixed_complex,2,100,20,85,checkpoints/Full CA-GAT-MAPPO/mixed_complex/seed2_ep85.pt,5905756bc48165e721b130669470fc80a0c4d8e75bc82980c9491abdeb8ef2a5,6ab462282254dde9da98b27b25c83d9d362b1a8c,2053082647b037e2c23c1d0b3c528202c2b892aecd3bc3cb1bd0b0efe58606c8,"completed=4,collision=0,completion=35.40",no
ablation__mixed_complex__Full_CA-GAT-MAPPO__seed3,ablation,Full CA-GAT-MAPPO,mixed_complex,3,100,20,90,checkpoints/Full CA-GAT-MAPPO/mixed_complex/seed3_ep90.pt,19ad2a05254c5a4068780dbb6d5c6168c918c5dbf709f1202af4c5deba82c85c,6ab462282254dde9da98b27b25c83d9d362b1a8c,2053082647b037e2c23c1d0b3c528202c2b892aecd3bc3cb1bd0b0efe58606c8,"completed=4,collision=0,completion=37.73",no
ablation__mixed_complex__Full_CA-GAT-MAPPO__seed4,ablation,Full CA-GAT-MAPPO,mixed_complex,4,100,20,85,checkpoints/Full CA-GAT-MAPPO/mixed_complex/seed4_ep85.pt,31d0c6720f718536c14b34deda7bbeb7992c32178499a5d207b6ba3cf2ffbb68,6ab462282254dde9da98b27b25c83d9d362b1a8c,2053082647b037e2c23c1d0b3c528202c2b892aecd3bc3cb1bd0b0efe58606c8,"completed=4,collision=0,completion=34.87",no
ablation__mixed_complex__Full_CA-GAT-MAPPO__seed5,ablation,Full CA-GAT-MAPPO,mixed_complex,5,100,20,80,checkpoints/Full CA-GAT-MAPPO/mixed_complex/seed5_ep80.pt,d9e0b56484e310b00779a09868dd76529d3b5885ee3b2e5839ed215b7f1d393d,6ab462282254dde9da98b27b25c83d9d362b1a8c,2053082647b037e2c23c1d0b3c528202c2b892aecd3bc3cb1bd0b0efe58606c8,"completed=4,collision=0,completion=37.46",no
ablation__mixed_complex__Full_CA-GAT-MAPPO__seed6,ablation,Full CA-GAT-MAPPO,mixed_complex,6,100,20,85,checkpoints/Full CA-GAT-MAPPO/mixed_complex/seed6_ep85.pt,8b06c0f56f2438ca92613153a8e659edc4e6b218810389bf614bf9f9051a7949,6ab462282254dde9da98b27b25c83d9d362b1a8c,2053082647b037e2c23c1d0b3c528202c2b892aecd3bc3cb1bd0b0efe58606c8,"completed=4,collision=0,completion=35.53",no
ablation__mixed_complex__Full_CA-GAT-MAPPO__seed7,ablation,Full CA-GAT-MAPPO,mixed_complex,7,100,20,75,checkpoints/Full CA-GAT-MAPPO/mixed_complex/seed7_ep75.pt,7cde29d0339dd73906068ccb271c142570ac36528267b5b59cd13a43424eab56,6ab462282254dde9da98b27b25c83d9d362b1a8c,2053082647b037e2c23c1d0b3c528202c2b892aecd3bc3cb1bd0b0efe58606c8,"completed=4,collision=0,completion=35.76",no
ablation__mixed_complex__Fully-connected_GAT__seed0,ablation,Fully-connected GAT,mixed_complex,0,100,20,90,checkpoints/Fully-connected GAT/mixed_complex/seed0_ep90.pt,6907d5427709b680225b175e83d5104612d6abe26c3a731ed19a925da7c082a2,6ab462282254dde9da98b27b25c83d9d362b1a8c,9062f5badcdc74ac04453a1a10003a67861b87c5d04323ae551cb9966d40024c,"completed=4,collision=0,completion=34.48",no
ablation__mixed_complex__Fully-connected_GAT__seed1,ablation,Fully-connected GAT,mixed_complex,1,100,20,75,checkpoints/Fully-connected GAT/mixed_complex/seed1_ep75.pt,625b60761c892177f8c0f5a45ae622a2f181d33a2f58e8256c5d27d26cdaba14,6ab462282254dde9da98b27b25c83d9d362b1a8c,9062f5badcdc74ac04453a1a10003a67861b87c5d04323ae551cb9966d40024c,"completed=4,collision=0,completion=37.08",no
ablation__mixed_complex__Fully-connected_GAT__seed2,ablation,Fully-connected GAT,mixed_complex,2,100,20,85,checkpoints/Fully-connected GAT/mixed_complex/seed2_ep85.pt,5f471704c6d7db5093ce364f8b7a758649dc879676dad4f4a3b236be7b09a0a7,6ab462282254dde9da98b27b25c83d9d362b1a8c,9062f5badcdc74ac04453a1a10003a67861b87c5d04323ae551cb9966d40024c,"completed=4,collision=0,completion=35.96",no
ablation__mixed_complex__Fully-connected_GAT__seed3,ablation,Fully-connected GAT,mixed_complex,3,100,20,75,checkpoints/Fully-connected GAT/mixed_complex/seed3_ep75.pt,a0b34284160998f6a6bfba14d60632f2538fa929bca26bc3fa42002ddc241103,6ab462282254dde9da98b27b25c83d9d362b1a8c,9062f5badcdc74ac04453a1a10003a67861b87c5d04323ae551cb9966d40024c,"completed=4,collision=0,completion=33.06",no
ablation__mixed_complex__Fully-connected_GAT__seed4,ablation,Fully-connected GAT,mixed_complex,4,100,20,75,checkpoints/Fully-connected GAT/mixed_complex/seed4_ep75.pt,2e36d3eee72b97f47984be496cf1d347d825ffe26b59cfd86407a475fd71af1c,6ab462282254dde9da98b27b25c83d9d362b1a8c,9062f5badcdc74ac04453a1a10003a67861b87c5d04323ae551cb9966d40024c,"completed=4,collision=0,completion=37.60",no
ablation__mixed_complex__Fully-connected_GAT__seed5,ablation,Fully-connected GAT,mixed_complex,5,100,20,90,checkpoints/Fully-connected GAT/mixed_complex/seed5_ep90.pt,d44280e378362cd408f6f040450d5445982ed7615924685f3f342c73ffb525d5,6ab462282254dde9da98b27b25c83d9d362b1a8c,9062f5badcdc74ac04453a1a10003a67861b87c5d04323ae551cb9966d40024c,"completed=4,collision=0,completion=37.88",no
ablation__mixed_complex__Fully-connected_GAT__seed6,ablation,Fully-connected GAT,mixed_complex,6,100,20,70,checkpoints/Fully-connected GAT/mixed_complex/seed6_ep70.pt,e74746e4d7f84a1df3b44a7ef354368b27c805feef1f3e065c48151b11177900,6ab462282254dde9da98b27b25c83d9d362b1a8c,9062f5badcdc74ac04453a1a10003a67861b87c5d04323ae551cb9966d40024c,"completed=4,collision=0,completion=35.38",no
ablation__mixed_complex__Fully-connected_GAT__seed7,ablation,Fully-connected GAT,mixed_complex,7,100,20,90,checkpoints/Fully-connected GAT/mixed_complex/seed7_ep90.pt,834b9fc8cfe54c848b1b008b8df659eb012e3f430b165cbdf07ad29570037fa3,6ab462282254dde9da98b27b25c83d9d362b1a8c,9062f5badcdc74ac04453a1a10003a67861b87c5d04323ae551cb9966d40024c,"completed=4,collision=0,completion=35.62",no
ablation__mixed_complex__w/o_GAT__seed0,ablation,w/o GAT,mixed_complex,0,100,20,75,checkpoints/w/o GAT/mixed_complex/seed0_ep75.pt,832ea4a053a4958f2ab79cc3bba4cb90a3e5872bb390df75b0f6198ef3694a26,6ab462282254dde9da98b27b25c83d9d362b1a8c,0487b7ebc94623d8620b00d68767aad498ed167de2de213570c000cb5cd257f0,"completed=4,collision=0,completion=33.82",no
ablation__mixed_complex__w/o_GAT__seed1,ablation,w/o GAT,mixed_complex,1,100,20,70,checkpoints/w/o GAT/mixed_complex/seed1_ep70.pt,fd7b01d1d7a0086dfca3f1e89712543ce9485fd67234925a452aaec546e15de6,6ab462282254dde9da98b27b25c83d9d362b1a8c,0487b7ebc94623d8620b00d68767aad498ed167de2de213570c000cb5cd257f0,"completed=4,collision=0,completion=36.63",no
ablation__mixed_complex__w/o_GAT__seed2,ablation,w/o GAT,mixed_complex,2,100,20,80,checkpoints/w/o GAT/mixed_complex/seed2_ep80.pt,b4100c5d2c8d4ae47b02443a3818e6163bf9a17f26bbd7f4ea63d3033fff5a52,6ab462282254dde9da98b27b25c83d9d362b1a8c,0487b7ebc94623d8620b00d68767aad498ed167de2de213570c000cb5cd257f0,"completed=4,collision=0,completion=36.37",no
ablation__mixed_complex__w/o_GAT__seed3,ablation,w/o GAT,mixed_complex,3,100,20,85,checkpoints/w/o GAT/mixed_complex/seed3_ep85.pt,ccd877912f4826c069e87c7d467f8497b860bd800b81a78cabf2f5617c1d5b60,6ab462282254dde9da98b27b25c83d9d362b1a8c,0487b7ebc94623d8620b00d68767aad498ed167de2de213570c000cb5cd257f0,"completed=4,collision=0,completion=33.57",no
ablation__mixed_complex__w/o_GAT__seed4,ablation,w/o GAT,mixed_complex,4,100,20,85,checkpoints/w/o GAT/mixed_complex/seed4_ep85.pt,b5ae878647dcd037920c756c58500490afad9783db4e137cc2f1ef9e4d445bf3,6ab462282254dde9da98b27b25c83d9d362b1a8c,0487b7ebc94623d8620b00d68767aad498ed167de2de213570c000cb5cd257f0,"completed=4,collision=0,completion=36.70",no
ablation__mixed_complex__w/o_GAT__seed5,ablation,w/o GAT,mixed_complex,5,100,20,70,checkpoints/w/o GAT/mixed_complex/seed5_ep70.pt,36dace953fba2d632ae3e9307fbc85d3098fab0f2d11dc0067b5c1fbafc87f7c,6ab462282254dde9da98b27b25c83d9d362b1a8c,0487b7ebc94623d8620b00d68767aad498ed167de2de213570c000cb5cd257f0,"completed=4,collision=0,completion=33.31",no
ablation__mixed_complex__w/o_GAT__seed6,ablation,w/o GAT,mixed_complex,6,100,20,70,checkpoints/w/o GAT/mixed_complex/seed6_ep70.pt,abf2fa4df10076405a24f1bfbd523dbf0af6cef96428c164f1d4a77644e5942b,6ab462282254dde9da98b27b25c83d9d362b1a8c,0487b7ebc94623d8620b00d68767aad498ed167de2de213570c000cb5cd257f0,"completed=4,collision=0,completion=33.99",no
ablation__mixed_complex__w/o_GAT__seed7,ablation,w/o GAT,mixed_complex,7,100,20,70,checkpoints/w/o GAT/mixed_complex/seed7_ep70.pt,dca787af59dc702b52ed495bb98e04a6514aede0c2c75ca86d5e6d2a1568ad0d,6ab462282254dde9da98b27b25c83d9d362b1a8c,0487b7ebc94623d8620b00d68767aad498ed167de2de213570c000cb5cd257f0,"completed=4,collision=0,completion=34.04",no
ablation__mixed_complex__fixed_reduced-term_reward_configuration__seed0,ablation,fixed reduced-term reward configuration,mixed_complex,0,100,20,70,checkpoints/fixed reduced-term reward configuration/mixed_complex/seed0_ep70.pt,4bbb4e133e532db090e4e34eeeee839c5571a38f3ae543e1fc03502947199c47,6ab462282254dde9da98b27b25c83d9d362b1a8c,b5c8bbd87e14f8b32c775f14b4d4eff170af33579522dcc3f08417b03602502f,"completed=4,collision=0,completion=37.17",no
ablation__mixed_complex__fixed_reduced-term_reward_configuration__seed1,ablation,fixed reduced-term reward configuration,mixed_complex,1,100,20,70,checkpoints/fixed reduced-term reward configuration/mixed_complex/seed1_ep70.pt,7d5f3b0062c9a4f2a27e2d76e1d4dd3fa296a75cc349a80c3064ed2ee996c748,6ab462282254dde9da98b27b25c83d9d362b1a8c,b5c8bbd87e14f8b32c775f14b4d4eff170af33579522dcc3f08417b03602502f,"completed=4,collision=0,completion=33.23",no
ablation__mixed_complex__fixed_reduced-term_reward_configuration__seed2,ablation,fixed reduced-term reward configuration,mixed_complex,2,100,20,90,checkpoints/fixed reduced-term reward configuration/mixed_complex/seed2_ep90.pt,b17344d0d4096c9f7ee00e0374d2f12c616cba908d4b40562c3ee613efb97a81,6ab462282254dde9da98b27b25c83d9d362b1a8c,b5c8bbd87e14f8b32c775f14b4d4eff170af33579522dcc3f08417b03602502f,"completed=4,collision=0,completion=35.92",no
ablation__mixed_complex__fixed_reduced-term_reward_configuration__seed3,ablation,fixed reduced-term reward configuration,mixed_complex,3,100,20,90,checkpoints/fixed reduced-term reward configuration/mixed_complex/seed3_ep90.pt,957a40b6a296aadacf94e7d74394606ae283f6036b325611183881d51897ffc3,6ab462282254dde9da98b27b25c83d9d362b1a8c,b5c8bbd87e14f8b32c775f14b4d4eff170af33579522dcc3f08417b03602502f,"completed=4,collision=0,completion=33.68",no
ablation__mixed_complex__fixed_reduced-term_reward_configuration__seed4,ablation,fixed reduced-term reward configuration,mixed_complex,4,100,20,80,checkpoints/fixed reduced-term reward configuration/mixed_complex/seed4_ep80.pt,277905a94725d44a5e7818afbf1e590387047d1dacfcc18db39d8febbbe791f9,6ab462282254dde9da98b27b25c83d9d362b1a8c,b5c8bbd87e14f8b32c775f14b4d4eff170af33579522dcc3f08417b03602502f,"completed=4,collision=0,completion=34.44",no
ablation__mixed_complex__fixed_reduced-term_reward_configuration__seed5,ablation,fixed reduced-term reward configuration,mixed_complex,5,100,20,70,checkpoints/fixed reduced-term reward configuration/mixed_complex/seed5_ep70.pt,2c0a7a0fc6d1c5479fd4d0ba119c536d028b679278f3d993435eea40a1e813cf,6ab462282254dde9da98b27b25c83d9d362b1a8c,b5c8bbd87e14f8b32c775f14b4d4eff170af33579522dcc3f08417b03602502f,"completed=4,collision=0,completion=36.98",no
ablation__mixed_complex__fixed_reduced-term_reward_configuration__seed6,ablation,fixed reduced-term reward configuration,mixed_complex,6,100,20,75,checkpoints/fixed reduced-term reward configuration/mixed_complex/seed6_ep75.pt,deedd3f7c96ea1e69c0dcb0930da0a82d69fd4cf06073292b81e090dfecef1fb,6ab462282254dde9da98b27b25c83d9d362b1a8c,b5c8bbd87e14f8b32c775f14b4d4eff170af33579522dcc3f08417b03602502f,"completed=4,collision=0,completion=36.90",no
ablation__mixed_complex__fixed_reduced-term_reward_configuration__seed7,ablation,fixed reduced-term reward configuration,mixed_complex,7,100,20,75,checkpoints/fixed reduced-term reward configuration/mixed_complex/seed7_ep75.pt,7e1a9a25e7d08359648ba6d00cc3955e79a59c8ae601d2bd4bb153d8df5d7241,6ab462282254dde9da98b27b25c83d9d362b1a8c,b5c8bbd87e14f8b32c775f14b4d4eff170af33579522dcc3f08417b03602502f,"completed=4,collision=0,completion=33.12",no
ablation__mixed_complex__w/o_interaction_gate__seed0,ablation,w/o interaction gate,mixed_complex,0,100,20,90,checkpoints/w/o interaction gate/mixed_complex/seed0_ep90.pt,82ba5bbb53bf568f083644b7e80e5d6a777836780d8d6584176ea0032678327d,6ab462282254dde9da98b27b25c83d9d362b1a8c,20cecc9854b94ea3deddf50ea2a02c71bbcfbedcef76a91b70aba0c3cc58683b,"completed=4,collision=0,completion=37.37",no
ablation__mixed_complex__w/o_interaction_gate__seed1,ablation,w/o interaction gate,mixed_complex,1,100,20,75,checkpoints/w/o interaction gate/mixed_complex/seed1_ep75.pt,a13f2c26f536beef252a4fd482704f8bc653eb3eb2e8a99065f43cfa7b87c8fe,6ab462282254dde9da98b27b25c83d9d362b1a8c,20cecc9854b94ea3deddf50ea2a02c71bbcfbedcef76a91b70aba0c3cc58683b,"completed=4,collision=0,completion=37.67",no
ablation__mixed_complex__w/o_interaction_gate__seed2,ablation,w/o interaction gate,mixed_complex,2,100,20,80,checkpoints/w/o interaction gate/mixed_complex/seed2_ep80.pt,592290fa365851161a9504626f662292fbd768135af6ba69d16ef2f0d9a9aea9,6ab462282254dde9da98b27b25c83d9d362b1a8c,20cecc9854b94ea3deddf50ea2a02c71bbcfbedcef76a91b70aba0c3cc58683b,"completed=4,collision=0,completion=33.94",no
ablation__mixed_complex__w/o_interaction_gate__seed3,ablation,w/o interaction gate,mixed_complex,3,100,20,85,checkpoints/w/o interaction gate/mixed_complex/seed3_ep85.pt,bc61f7d1ed7df74da60b321e251b904f27e7844185379ebfea9876d6888693a4,6ab462282254dde9da98b27b25c83d9d362b1a8c,20cecc9854b94ea3deddf50ea2a02c71bbcfbedcef76a91b70aba0c3cc58683b,"completed=4,collision=0,completion=36.21",no
ablation__mixed_complex__w/o_interaction_gate__seed4,ablation,w/o interaction gate,mixed_complex,4,100,20,90,checkpoints/w/o interaction gate/mixed_complex/seed4_ep90.pt,7e012faa1b4ab0861789eb24903b389cd3c0ceb424f543aad2e3ee7820f4cf47,6ab462282254dde9da98b27b25c83d9d362b1a8c,20cecc9854b94ea3deddf50ea2a02c71bbcfbedcef76a91b70aba0c3cc58683b,"completed=4,collision=0,completion=36.53",no
ablation__mixed_complex__w/o_interaction_gate__seed5,ablation,w/o interaction gate,mixed_complex,5,100,20,70,checkpoints/w/o interaction gate/mixed_complex/seed5_ep70.pt,bfc7d5658b264e858aa448592104889a7ea1574c756cb35a492dda89cd4a931a,6ab462282254dde9da98b27b25c83d9d362b1a8c,20cecc9854b94ea3deddf50ea2a02c71bbcfbedcef76a91b70aba0c3cc58683b,"completed=4,collision=0,completion=34.09",no
ablation__mixed_complex__w/o_interaction_gate__seed6,ablation,w/o interaction gate,mixed_complex,6,100,20,85,checkpoints/w/o interaction gate/mixed_complex/seed6_ep85.pt,3e42702dbcfb9b8c21ca944eb4d43eacf2ed8100f356313941f00744b2dd074e,6ab462282254dde9da98b27b25c83d9d362b1a8c,20cecc9854b94ea3deddf50ea2a02c71bbcfbedcef76a91b70aba0c3cc58683b,"completed=4,collision=0,completion=35.58",no
ablation__mixed_complex__w/o_interaction_gate__seed7,ablation,w/o interaction gate,mixed_complex,7,100,20,85,checkpoints/w/o interaction gate/mixed_complex/seed7_ep85.pt,7902174b29cabd2882cf480113cd94012873c306a91f3a9870d82f10d87b55fb,6ab462282254dde9da98b27b25c83d9d362b1a8c,20cecc9854b94ea3deddf50ea2a02c71bbcfbedcef76a91b70aba0c3cc58683b,"completed=4,collision=0,completion=37.64",no
ablation__mixed_complex__w/o_conflict_coordinator__seed0,ablation,w/o conflict coordinator,mixed_complex,0,100,20,95,checkpoints/w/o conflict coordinator/mixed_complex/seed0_ep95.pt,9664d591de99412588178f9c8e57534ac7416fb08bd2e9bd004eb91366775649,6ab462282254dde9da98b27b25c83d9d362b1a8c,7fe59b24ed7fd7da7e6f9718b5a8a55bf51685de4bf16539d576b18d185d8e6f,"completed=4,collision=0,completion=34.45",no
ablation__mixed_complex__w/o_conflict_coordinator__seed1,ablation,w/o conflict coordinator,mixed_complex,1,100,20,70,checkpoints/w/o conflict coordinator/mixed_complex/seed1_ep70.pt,2369dd2930f2417ced8062d33ba81d20acf0aa9c1745d69f2fa73c8b377da2c7,6ab462282254dde9da98b27b25c83d9d362b1a8c,7fe59b24ed7fd7da7e6f9718b5a8a55bf51685de4bf16539d576b18d185d8e6f,"completed=4,collision=0,completion=35.37",no
ablation__mixed_complex__w/o_conflict_coordinator__seed2,ablation,w/o conflict coordinator,mixed_complex,2,100,20,80,checkpoints/w/o conflict coordinator/mixed_complex/seed2_ep80.pt,e8f07dbafaf6c3ce8447ca14081549b77b05268ee03deb1e037224f16c7f9970,6ab462282254dde9da98b27b25c83d9d362b1a8c,7fe59b24ed7fd7da7e6f9718b5a8a55bf51685de4bf16539d576b18d185d8e6f,"completed=4,collision=0,completion=33.81",no
ablation__mixed_complex__w/o_conflict_coordinator__seed3,ablation,w/o conflict coordinator,mixed_complex,3,100,20,90,checkpoints/w/o conflict coordinator/mixed_complex/seed3_ep90.pt,9066dc4f62d696bcdf7ce8e590ccb8f03872df1d6cbbfb1e6bc26302af623ae7,6ab462282254dde9da98b27b25c83d9d362b1a8c,7fe59b24ed7fd7da7e6f9718b5a8a55bf51685de4bf16539d576b18d185d8e6f,"completed=4,collision=0,completion=34.83",no
ablation__mixed_complex__w/o_conflict_coordinator__seed4,ablation,w/o conflict coordinator,mixed_complex,4,100,20,90,checkpoints/w/o conflict coordinator/mixed_complex/seed4_ep90.pt,29b87204da4c4c302c62cb8542da116f023a0c17ed9b70f2a5fc797cc74dd538,6ab462282254dde9da98b27b25c83d9d362b1a8c,7fe59b24ed7fd7da7e6f9718b5a8a55bf51685de4bf16539d576b18d185d8e6f,"completed=4,collision=0,completion=37.60",no
ablation__mixed_complex__w/o_conflict_coordinator__seed5,ablation,w/o conflict coordinator,mixed_complex,5,100,20,75,checkpoints/w/o conflict coordinator/mixed_complex/seed5_ep75.pt,363a3a607574d9abaa66b9dca0fa4424f89362ebd4dd45b595b8a3ab0f546686,6ab462282254dde9da98b27b25c83d9d362b1a8c,7fe59b24ed7fd7da7e6f9718b5a8a55bf51685de4bf16539d576b18d185d8e6f,"completed=4,collision=0,completion=36.24",no
ablation__mixed_complex__w/o_conflict_coordinator__seed6,ablation,w/o conflict coordinator,mixed_complex,6,100,20,90,checkpoints/w/o conflict coordinator/mixed_complex/seed6_ep90.pt,a9adffdee78648565e530e1d3c4325b67699c21b6053cf4fb62c076e18e07328,6ab462282254dde9da98b27b25c83d9d362b1a8c,7fe59b24ed7fd7da7e6f9718b5a8a55bf51685de4bf16539d576b18d185d8e6f,"completed=4,collision=0,completion=37.14",no
ablation__mixed_complex__w/o_conflict_coordinator__seed7,ablation,w/o conflict coordinator,mixed_complex,7,100,20,95,checkpoints/w/o conflict coordinator/mixed_complex/seed7_ep95.pt,a2d4b2f4c83dab28ccd47a924e438f58395e8a8b76bfe1bf3d4594ebf4ec6ecd,6ab462282254dde9da98b27b25c83d9d362b1a8c,7fe59b24ed7fd7da7e6f9718b5a8a55bf51685de4bf16539d576b18d185d8e6f,"completed=4,collision=0,completion=36.28",no
