diagnostic_id,scenario,method,step_index,t_s,pair_i,pair_j,relative_distance_m,relative_speed_m_s,tau_CPA_s,d_CPA_m,edge_active,gate_value_i,gate_value_j,raw_residual_i,gated_residual_i,raw_residual_j,gated_residual_j,expected_interpretation
slow_closing_no_predicted_conflict,controlled_pair_diagnostic,CA-GAT-MAPPO,0,0,robot_1,robot_2,2.4289,0.3437,3.153,2.3091,0,0,0,-0.0737,0,-0.1233,0,无预测冲突，gate关闭
slow_closing_no_predicted_conflict,controlled_pair_diagnostic,CA-GAT-MAPPO,1,0.1,robot_1,robot_2,2.414,0.3472,3.091,2.2932,0,0,0,0.1352,0,0.1532,0,无预测冲突，gate关闭
slow_closing_no_predicted_conflict,controlled_pair_diagnostic,CA-GAT-MAPPO,2,0.2,robot_1,robot_2,2.501,0.2998,3.108,2.3923,0,0,0,0.1383,0,-0.0284,0,无预测冲突，gate关闭
slow_closing_no_predicted_conflict,controlled_pair_diagnostic,CA-GAT-MAPPO,3,0.3,robot_1,robot_2,2.3563,0.3031,3.038,2.1884,0,0,0,-0.1711,0,0.0586,0,无预测冲突，gate关闭
slow_closing_no_predicted_conflict,controlled_pair_diagnostic,CA-GAT-MAPPO,4,0.4,robot_1,robot_2,2.5014,0.302,2.912,2.3838,0,0,0,0.1396,0,0.0001,0,无预测冲突，gate关闭
slow_closing_no_predicted_conflict,controlled_pair_diagnostic,CA-GAT-MAPPO,5,0.5,robot_1,robot_2,2.4912,0.3407,2.717,2.3682,0,0,0,0.1361,0,0.1028,0,无预测冲突，gate关闭
slow_closing_no_predicted_conflict,controlled_pair_diagnostic,CA-GAT-MAPPO,6,0.6,robot_1,robot_2,2.3263,0.279,2.995,2.152,0,0,0,0.1378,0,-0.1523,0,无预测冲突，gate关闭
slow_closing_no_predicted_conflict,controlled_pair_diagnostic,CA-GAT-MAPPO,7,0.7,robot_1,robot_2,2.416,0.3147,2.709,2.2588,0,0,0,0.1417,0,-0.0055,0,无预测冲突，gate关闭
slow_closing_no_predicted_conflict,controlled_pair_diagnostic,CA-GAT-MAPPO,8,0.8,robot_1,robot_2,2.3005,0.2886,2.715,2.1756,0,0,0,-0.0093,0,0.1934,0,无预测冲突，gate关闭
slow_closing_no_predicted_conflict,controlled_pair_diagnostic,CA-GAT-MAPPO,9,0.9,robot_1,robot_2,2.292,0.3708,2.948,2.186,0,0,0,-0.1077,0,-0.1886,0,无预测冲突，gate关闭
slow_closing_no_predicted_conflict,controlled_pair_diagnostic,CA-GAT-MAPPO,10,1,robot_1,robot_2,2.3692,0.3425,2.776,2.2357,0,0,0,0.1117,0,-0.1982,0,无预测冲突，gate关闭
slow_closing_no_predicted_conflict,controlled_pair_diagnostic,CA-GAT-MAPPO,11,1.1,robot_1,robot_2,2.3261,0.3572,2.564,2.2056,0,0,0,-0.1478,0,-0.021,0,无预测冲突，gate关闭
slow_closing_no_predicted_conflict,controlled_pair_diagnostic,CA-GAT-MAPPO,12,1.2,robot_1,robot_2,2.3414,0.3559,2.563,2.1668,0,0,0,-0.1897,0,-0.0025,0,无预测冲突，gate关闭
slow_closing_no_predicted_conflict,controlled_pair_diagnostic,CA-GAT-MAPPO,13,1.3,robot_1,robot_2,2.2178,0.369,2.607,2.0418,0,0,0,-0.1842,0,-0.0688,0,无预测冲突，gate关闭
slow_closing_no_predicted_conflict,controlled_pair_diagnostic,CA-GAT-MAPPO,14,1.4,robot_1,robot_2,2.1899,0.3969,2.596,2.0544,0,0,0,-0.1061,0,-0.0808,0,无预测冲突，gate关闭
slow_closing_no_predicted_conflict,controlled_pair_diagnostic,CA-GAT-MAPPO,15,1.5,robot_1,robot_2,2.2429,0.3646,2.571,2.0803,0,0,0,0.0146,0,-0.114,0,无预测冲突，gate关闭
slow_closing_no_predicted_conflict,controlled_pair_diagnostic,CA-GAT-MAPPO,16,1.6,robot_1,robot_2,2.2476,0.3259,2.728,2.058,0,0,0,0.1951,0,-0.0185,0,无预测冲突，gate关闭
slow_closing_no_predicted_conflict,controlled_pair_diagnostic,CA-GAT-MAPPO,17,1.7,robot_1,robot_2,2.1816,0.3338,2.567,2.0649,0,0,0,-0.0455,0,0.1639,0,无预测冲突，gate关闭
slow_closing_no_predicted_conflict,controlled_pair_diagnostic,CA-GAT-MAPPO,18,1.8,robot_1,robot_2,2.1337,0.3521,2.653,1.9446,0,0,0,0.1179,0,-0.1399,0,无预测冲突，gate关闭
slow_closing_no_predicted_conflict,controlled_pair_diagnostic,CA-GAT-MAPPO,19,1.9,robot_1,robot_2,2.1479,0.3696,2.489,2.0058,0,0,0,0.0227,0,-0.1268,0,无预测冲突，gate关闭
slow_closing_no_predicted_conflict,controlled_pair_diagnostic,CA-GAT-MAPPO,20,2,robot_1,robot_2,2.087,0.4051,2.609,1.9364,0,0,0,-0.0256,0,0.1424,0,无预测冲突，gate关闭
slow_closing_no_predicted_conflict,controlled_pair_diagnostic,CA-GAT-MAPPO,21,2.1,robot_1,robot_2,2.0776,0.3465,2.478,1.8997,0,0,0,-0.0548,0,0.0955,0,无预测冲突，gate关闭
slow_closing_no_predicted_conflict,controlled_pair_diagnostic,CA-GAT-MAPPO,22,2.2,robot_1,robot_2,2.0043,0.4233,2.295,1.8616,0,0,0,0.091,0,-0.1583,0,无预测冲突，gate关闭
slow_closing_no_predicted_conflict,controlled_pair_diagnostic,CA-GAT-MAPPO,23,2.3,robot_1,robot_2,2.1677,0.3726,2.381,1.9889,0,0,0,-0.1738,0,0.116,0,无预测冲突，gate关闭
slow_closing_no_predicted_conflict,controlled_pair_diagnostic,CA-GAT-MAPPO,24,2.4,robot_1,robot_2,2.1422,0.4186,2.193,2.031,0,0,0,0.0161,0,-0.1168,0,无预测冲突，gate关闭
slow_closing_no_predicted_conflict,controlled_pair_diagnostic,CA-GAT-MAPPO,25,2.5,robot_1,robot_2,2.1459,0.3737,2.291,2.0051,0,0,0,0.0847,0,0.1777,0,无预测冲突，gate关闭
slow_closing_no_predicted_conflict,controlled_pair_diagnostic,CA-GAT-MAPPO,26,2.6,robot_1,robot_2,1.9826,0.3685,2.409,1.8362,0,0,0,0.1346,0,-0.1333,0,无预测冲突，gate关闭
slow_closing_no_predicted_conflict,controlled_pair_diagnostic,CA-GAT-MAPPO,27,2.7,robot_1,robot_2,2.0538,0.4455,2.135,1.8898,0,0,0,0.0214,0,-0.0045,0,无预测冲突，gate关闭
slow_closing_no_predicted_conflict,controlled_pair_diagnostic,CA-GAT-MAPPO,28,2.8,robot_1,robot_2,1.9222,0.3671,2.116,1.7632,0,0,0,0.0834,0,-0.1704,0,无预测冲突，gate关闭
slow_closing_no_predicted_conflict,controlled_pair_diagnostic,CA-GAT-MAPPO,29,2.9,robot_1,robot_2,1.9821,0.4644,2.237,1.8038,0,0,0,-0.0477,0,-0.0795,0,无预测冲突，gate关闭
slow_closing_no_predicted_conflict,controlled_pair_diagnostic,CA-GAT-MAPPO,30,3,robot_1,robot_2,2.0402,0.4661,2.158,1.8517,0,0,0,0.093,0,-0.1031,0,无预测冲突，gate关闭
slow_closing_no_predicted_conflict,controlled_pair_diagnostic,CA-GAT-MAPPO,31,3.1,robot_1,robot_2,1.9948,0.4049,2.039,1.8454,0,0,0,0.0701,0,-0.1887,0,无预测冲突，gate关闭
slow_closing_no_predicted_conflict,controlled_pair_diagnostic,CA-GAT-MAPPO,32,3.2,robot_1,robot_2,1.8477,0.4403,2.198,1.7042,0,0,0,0.1638,0,-0.1209,0,无预测冲突，gate关闭
slow_closing_no_predicted_conflict,controlled_pair_diagnostic,CA-GAT-MAPPO,33,3.3,robot_1,robot_2,1.8129,0.4089,2.046,1.6161,0,0,0,-0.1394,0,0.0592,0,无预测冲突，gate关闭
slow_closing_no_predicted_conflict,controlled_pair_diagnostic,CA-GAT-MAPPO,34,3.4,robot_1,robot_2,1.8178,0.3869,1.917,1.6658,0,0,0,-0.0536,0,-0.003,0,无预测冲突，gate关闭
slow_closing_no_predicted_conflict,controlled_pair_diagnostic,CA-GAT-MAPPO,35,3.5,robot_1,robot_2,1.8159,0.4457,2.182,1.7044,0,0,0,-0.033,0,-0.1524,0,无预测冲突，gate关闭
slow_closing_no_predicted_conflict,controlled_pair_diagnostic,CA-GAT-MAPPO,36,3.6,robot_1,robot_2,1.8746,0.4234,1.866,1.7484,0,0,0,-0.1518,0,-0.0484,0,无预测冲突，gate关闭
slow_closing_no_predicted_conflict,controlled_pair_diagnostic,CA-GAT-MAPPO,37,3.7,robot_1,robot_2,1.7931,0.4735,2.052,1.613,0,0,0,0.1466,0,0.0823,0,无预测冲突，gate关闭
slow_closing_no_predicted_conflict,controlled_pair_diagnostic,CA-GAT-MAPPO,38,3.8,robot_1,robot_2,1.7966,0.4951,1.75,1.6175,0,0,0,0.0352,0,0.0879,0,无预测冲突，gate关闭
slow_closing_no_predicted_conflict,controlled_pair_diagnostic,CA-GAT-MAPPO,39,3.9,robot_1,robot_2,1.8644,0.4364,1.741,1.6665,0,0,0,0.0435,0,-0.028,0,无预测冲突，gate关闭
slow_closing_no_predicted_conflict,controlled_pair_diagnostic,CA-GAT-MAPPO,40,4,robot_1,robot_2,1.8766,0.4774,1.851,1.6774,0,0,0,-0.0547,0,0.0292,0,无预测冲突，gate关闭
slow_closing_no_predicted_conflict,controlled_pair_diagnostic,CA-GAT-MAPPO,41,4.1,robot_1,robot_2,1.8238,0.4326,2.029,1.7126,0,0,0,0.1393,0,0.1517,0,无预测冲突，gate关闭
slow_closing_no_predicted_conflict,controlled_pair_diagnostic,CA-GAT-MAPPO,42,4.2,robot_1,robot_2,1.795,0.4245,2.004,1.6492,0,0,0,0.0996,0,-0.0097,0,无预测冲突，gate关闭
slow_closing_no_predicted_conflict,controlled_pair_diagnostic,CA-GAT-MAPPO,43,4.3,robot_1,robot_2,1.6291,0.4837,1.91,1.4605,0,0,0,0.0299,0,0.1515,0,无预测冲突，gate关闭
slow_closing_no_predicted_conflict,controlled_pair_diagnostic,CA-GAT-MAPPO,44,4.4,robot_1,robot_2,1.6316,0.4452,1.938,1.4474,0,0,0,-0.1238,0,-0.1688,0,无预测冲突，gate关闭
slow_closing_no_predicted_conflict,controlled_pair_diagnostic,CA-GAT-MAPPO,45,4.5,robot_1,robot_2,1.6221,0.5244,1.675,1.5007,0,0,0,0.1198,0,0.0485,0,无预测冲突，gate关闭
slow_closing_no_predicted_conflict,controlled_pair_diagnostic,CA-GAT-MAPPO,46,4.6,robot_1,robot_2,1.6697,0.4947,1.855,1.503,0,0,0,-0.0957,0,0.0282,0,无预测冲突，gate关闭
slow_closing_no_predicted_conflict,controlled_pair_diagnostic,CA-GAT-MAPPO,47,4.7,robot_1,robot_2,1.6415,0.4565,1.743,1.5199,0,0,0,0.0562,0,0.0825,0,无预测冲突，gate关闭
slow_closing_no_predicted_conflict,controlled_pair_diagnostic,CA-GAT-MAPPO,48,4.8,robot_1,robot_2,1.7336,0.4536,1.747,1.5558,0,0,0,0.0782,0,0.1199,0,无预测冲突，gate关闭
slow_closing_no_predicted_conflict,controlled_pair_diagnostic,CA-GAT-MAPPO,49,4.9,robot_1,robot_2,1.5709,0.4625,1.651,1.4666,0,0,0,0.0312,0,0.0107,0,无预测冲突，gate关闭
slow_closing_no_predicted_conflict,controlled_pair_diagnostic,CA-GAT-MAPPO,50,5,robot_1,robot_2,1.5744,0.4639,1.724,1.4468,0,0,0,-0.1827,0,-0.1999,0,无预测冲突，gate关闭
slow_closing_no_predicted_conflict,controlled_pair_diagnostic,CA-GAT-MAPPO,51,5.1,robot_1,robot_2,1.6085,0.5178,1.609,1.4841,0,0,0,0.0812,0,0.1961,0,无预测冲突，gate关闭
slow_closing_no_predicted_conflict,controlled_pair_diagnostic,CA-GAT-MAPPO,52,5.2,robot_1,robot_2,1.6175,0.4707,1.429,1.4461,0,0,0,-0.0156,0,0.0636,0,无预测冲突，gate关闭
slow_closing_no_predicted_conflict,controlled_pair_diagnostic,CA-GAT-MAPPO,53,5.3,robot_1,robot_2,1.5731,0.5042,1.373,1.3867,0,0,0,-0.1607,0,-0.0341,0,无预测冲突，gate关闭
slow_closing_no_predicted_conflict,controlled_pair_diagnostic,CA-GAT-MAPPO,54,5.4,robot_1,robot_2,1.4648,0.5624,1.425,1.2979,0,0,0,0.1963,0,0.0608,0,无预测冲突，gate关闭
slow_closing_no_predicted_conflict,controlled_pair_diagnostic,CA-GAT-MAPPO,55,5.5,robot_1,robot_2,1.5908,0.4992,1.628,1.3942,0,0,0,-0.1998,0,-0.0923,0,无预测冲突，gate关闭
slow_closing_no_predicted_conflict,controlled_pair_diagnostic,CA-GAT-MAPPO,56,5.6,robot_1,robot_2,1.4652,0.4753,1.31,1.3305,0,0,0,0.0025,0,0.0346,0,无预测冲突，gate关闭
slow_closing_no_predicted_conflict,controlled_pair_diagnostic,CA-GAT-MAPPO,57,5.7,robot_1,robot_2,1.4651,0.5376,1.524,1.3076,0,0,0,0.1775,0,0.166,0,无预测冲突，gate关闭
slow_closing_no_predicted_conflict,controlled_pair_diagnostic,CA-GAT-MAPPO,58,5.8,robot_1,robot_2,1.5162,0.5473,1.51,1.3759,0,0,0,0.1663,0,-0.1689,0,无预测冲突，gate关闭
slow_closing_no_predicted_conflict,controlled_pair_diagnostic,CA-GAT-MAPPO,59,5.9,robot_1,robot_2,1.4486,0.5679,1.306,1.3483,0,0,0,-0.1476,0,-0.1692,0,无预测冲突，gate关闭
slow_closing_no_predicted_conflict,controlled_pair_diagnostic,CA-GAT-MAPPO,60,6,robot_1,robot_2,1.4606,0.4947,1.363,1.3315,0,0,0,-0.1866,0,-0.0913,0,无预测冲突，gate关闭
slow_closing_no_predicted_conflict,controlled_pair_diagnostic,CA-GAT-MAPPO,61,6.1,robot_1,robot_2,1.3179,0.5351,1.245,1.1275,0,0,0,-0.1738,0,-0.1203,0,无预测冲突，gate关闭
slow_closing_no_predicted_conflict,controlled_pair_diagnostic,CA-GAT-MAPPO,62,6.2,robot_1,robot_2,1.3315,0.5761,1.077,1.2055,0,0,0,0.0474,0,-0.1926,0,无预测冲突，gate关闭
slow_closing_no_predicted_conflict,controlled_pair_diagnostic,CA-GAT-MAPPO,63,6.3,robot_1,robot_2,1.3241,0.5452,1.066,1.1344,0,0,0,-0.0572,0,-0.1312,0,无预测冲突，gate关闭
slow_closing_no_predicted_conflict,controlled_pair_diagnostic,CA-GAT-MAPPO,64,6.4,robot_1,robot_2,1.3841,0.5806,1.139,1.1998,0,0,0,-0.1134,0,0.1476,0,无预测冲突，gate关闭
slow_closing_no_predicted_conflict,controlled_pair_diagnostic,CA-GAT-MAPPO,65,6.5,robot_1,robot_2,1.3793,0.5662,1.228,1.223,0,0,0,-0.0737,0,0.1733,0,无预测冲突，gate关闭
slow_closing_no_predicted_conflict,controlled_pair_diagnostic,CA-GAT-MAPPO,66,6.6,robot_1,robot_2,1.3102,0.5498,0.964,1.1594,0,0,0,-0.0138,0,-0.0177,0,无预测冲突，gate关闭
slow_closing_no_predicted_conflict,controlled_pair_diagnostic,CA-GAT-MAPPO,67,6.7,robot_1,robot_2,1.2725,0.5963,0.961,1.1678,0,0,0,0.1836,0,0.0595,0,无预测冲突，gate关闭
slow_closing_no_predicted_conflict,controlled_pair_diagnostic,CA-GAT-MAPPO,68,6.8,robot_1,robot_2,1.2519,0.5774,0.99,1.1403,0,0,0,-0.0809,0,-0.1986,0,无预测冲突，gate关闭
predicted_conflict_gate_opening,controlled_pair_diagnostic,CA-GAT-MAPPO,69,6.9,robot_1,robot_2,1.1783,0.6135,1.15,0.9812,1,0.5478,0.5478,-0.1858,-0.1018,0.0184,0.0101,预测到冲突，gate开启传递残差
slow_closing_no_predicted_conflict,controlled_pair_diagnostic,CA-GAT-MAPPO,70,7,robot_1,robot_2,1.3144,0.6205,0.966,1.1731,0,0,0,-0.0303,0,-0.0847,0,无预测冲突，gate关闭
slow_closing_no_predicted_conflict,controlled_pair_diagnostic,CA-GAT-MAPPO,71,7.1,robot_1,robot_2,1.1615,0.5579,1.134,1.0294,0,0,0,-0.0353,0,-0.1951,0,无预测冲突，gate关闭
slow_closing_no_predicted_conflict,controlled_pair_diagnostic,CA-GAT-MAPPO,72,7.2,robot_1,robot_2,1.153,0.6202,0.838,1.0188,0,0,0,0.1504,0,-0.1483,0,无预测冲突，gate关闭
slow_closing_no_predicted_conflict,controlled_pair_diagnostic,CA-GAT-MAPPO,73,7.3,robot_1,robot_2,1.2565,0.5965,0.931,1.0616,0,0,0,0.0943,0,0.1123,0,无预测冲突，gate关闭
slow_closing_no_predicted_conflict,controlled_pair_diagnostic,CA-GAT-MAPPO,74,7.4,robot_1,robot_2,1.2281,0.5619,0.98,1.0991,0,0,0,-0.1288,0,0.1608,0,无预测冲突，gate关闭
predicted_conflict_gate_opening,controlled_pair_diagnostic,CA-GAT-MAPPO,75,7.5,robot_1,robot_2,1.1472,0.6169,0.994,0.9723,1,0.5685,0.5685,0.1964,0.1117,0.1244,0.0707,预测到冲突，gate开启传递残差
slow_closing_no_predicted_conflict,controlled_pair_diagnostic,CA-GAT-MAPPO,76,7.6,robot_1,robot_2,1.2225,0.5677,0.782,1.0708,0,0,0,0.034,0,0.1424,0,无预测冲突，gate关闭
slow_closing_no_predicted_conflict,controlled_pair_diagnostic,CA-GAT-MAPPO,77,7.7,robot_1,robot_2,1.2127,0.6279,0.684,1.0285,0,0,0,0.1585,0,-0.0234,0,无预测冲突，gate关闭
predicted_conflict_gate_opening,controlled_pair_diagnostic,CA-GAT-MAPPO,78,7.8,robot_1,robot_2,1.0506,0.5773,0.788,0.9048,1,0.6329,0.6329,0.1199,0.0759,0.0474,0.03,预测到冲突，gate开启传递残差
predicted_conflict_gate_opening,controlled_pair_diagnostic,CA-GAT-MAPPO,79,7.9,robot_1,robot_2,1.0632,0.5943,0.711,0.9191,1,0.6245,0.6245,0.0171,0.0107,0.1979,0.1236,预测到冲突，gate开启传递残差
slow_closing_no_predicted_conflict,controlled_pair_diagnostic,CA-GAT-MAPPO,80,8,robot_1,robot_2,1.123,0.6122,0.954,1,0,0,0,0.1211,0,-0.0837,0,无预测冲突，gate关闭
predicted_conflict_gate_opening,controlled_pair_diagnostic,CA-GAT-MAPPO,81,8.1,robot_1,robot_2,1.0504,0.6254,0.638,0.8539,1,0.6331,0.6331,0.18,0.114,0.0027,0.0017,预测到冲突，gate开启传递残差
predicted_conflict_gate_opening,controlled_pair_diagnostic,CA-GAT-MAPPO,82,8.2,robot_1,robot_2,1.0653,0.6368,0.81,0.9215,1,0.6232,0.6232,-0.1631,-0.1017,-0.1383,-0.0862,预测到冲突，gate开启传递残差
predicted_conflict_gate_opening,controlled_pair_diagnostic,CA-GAT-MAPPO,83,8.3,robot_1,robot_2,1.0111,0.6554,0.524,0.8233,1,0.6593,0.6593,0.1608,0.106,0.1051,0.0693,预测到冲突，gate开启传递残差
predicted_conflict_gate_opening,controlled_pair_diagnostic,CA-GAT-MAPPO,84,8.4,robot_1,robot_2,0.9426,0.6535,0.735,0.7574,1,0.7049,0.7049,0.06,0.0423,-0.1193,-0.0841,预测到冲突，gate开启传递残差
predicted_conflict_gate_opening,controlled_pair_diagnostic,CA-GAT-MAPPO,85,8.5,robot_1,robot_2,0.8816,0.628,0.645,0.699,1,0.7456,0.7456,-0.127,-0.0947,-0.0628,-0.0468,预测到冲突，gate开启传递残差
predicted_conflict_gate_opening,controlled_pair_diagnostic,CA-GAT-MAPPO,86,8.6,robot_1,robot_2,0.9318,0.6526,0.574,0.7373,1,0.7121,0.7121,0.1131,0.0806,0.1919,0.1367,预测到冲突，gate开启传递残差
predicted_conflict_gate_opening,controlled_pair_diagnostic,CA-GAT-MAPPO,87,8.7,robot_1,robot_2,0.8805,0.6588,0.468,0.6957,1,0.7463,0.7463,0.0973,0.0726,0.1877,0.1401,预测到冲突，gate开启传递残差
predicted_conflict_gate_opening,controlled_pair_diagnostic,CA-GAT-MAPPO,88,8.8,robot_1,robot_2,0.8798,0.6929,0.462,0.6843,1,0.7468,0.7468,0.1469,0.1097,0.1878,0.1402,预测到冲突，gate开启传递残差
predicted_conflict_gate_opening,controlled_pair_diagnostic,CA-GAT-MAPPO,89,8.9,robot_1,robot_2,0.8896,0.6801,0.332,0.7573,1,0.7403,0.7403,-0.0264,-0.0195,-0.1713,-0.1268,预测到冲突，gate开启传递残差
predicted_conflict_gate_opening,controlled_pair_diagnostic,CA-GAT-MAPPO,90,9,robot_1,robot_2,0.9028,0.6276,0.616,0.7726,1,0.7315,0.7315,0.0514,0.0376,-0.0921,-0.0673,预测到冲突，gate开启传递残差
predicted_conflict_gate_opening,controlled_pair_diagnostic,CA-GAT-MAPPO,91,9.1,robot_1,robot_2,0.8346,0.6324,0.569,0.7042,1,0.777,0.777,0.0659,0.0512,0.197,0.1531,预测到冲突，gate开启传递残差
predicted_conflict_gate_opening,controlled_pair_diagnostic,CA-GAT-MAPPO,92,9.2,robot_1,robot_2,0.7493,0.6204,0.605,0.5946,1,0.8338,0.8338,0.1346,0.1122,-0.1008,-0.0841,预测到冲突，gate开启传递残差
predicted_conflict_gate_opening,controlled_pair_diagnostic,CA-GAT-MAPPO,93,9.3,robot_1,robot_2,0.8516,0.651,0.214,0.6919,1,0.7656,0.7656,0.1701,0.1302,0.0403,0.0309,预测到冲突，gate开启传递残差
predicted_conflict_gate_opening,controlled_pair_diagnostic,CA-GAT-MAPPO,94,9.4,robot_1,robot_2,0.854,0.7226,0.435,0.7297,1,0.764,0.764,0.1043,0.0797,-0.0146,-0.0111,预测到冲突，gate开启传递残差
predicted_conflict_gate_opening,controlled_pair_diagnostic,CA-GAT-MAPPO,95,9.5,robot_1,robot_2,0.7902,0.6821,0.221,0.5932,1,0.8066,0.8066,0.0933,0.0752,0.0992,0.08,预测到冲突，gate开启传递残差
predicted_conflict_gate_opening,controlled_pair_diagnostic,CA-GAT-MAPPO,96,9.6,robot_1,robot_2,0.8459,0.6736,0.192,0.6841,1,0.7694,0.7694,-0.0727,-0.0559,-0.0838,-0.0644,预测到冲突，gate开启传递残差
predicted_conflict_gate_opening,controlled_pair_diagnostic,CA-GAT-MAPPO,97,9.7,robot_1,robot_2,0.7852,0.6875,0.333,0.5916,1,0.8099,0.8099,-0.0277,-0.0225,-0.0093,-0.0075,预测到冲突，gate开启传递残差
predicted_conflict_gate_opening,controlled_pair_diagnostic,CA-GAT-MAPPO,98,9.8,robot_1,robot_2,0.7354,0.7053,0.208,0.6039,1,0.843,0.843,0.1521,0.1282,0.1981,0.167,预测到冲突，gate开启传递残差
predicted_conflict_gate_opening,controlled_pair_diagnostic,CA-GAT-MAPPO,99,9.9,robot_1,robot_2,0.6669,0.7197,0.178,0.4751,1,0.8887,0.8887,-0.0902,-0.0801,-0.1348,-0.1198,预测到冲突，gate开启传递残差
slow_closing_no_predicted_conflict,controlled_pair_diagnostic,CA-GAT-MAPPO,100,10,robot_1,robot_2,2.5215,0.3367,3.194,2.3464,0,0,0,-0.1098,0,0.0879,0,无预测冲突，gate关闭
slow_closing_no_predicted_conflict,controlled_pair_diagnostic,CA-GAT-MAPPO,101,10.1,robot_1,robot_2,2.5288,0.3199,3.08,2.3924,0,0,0,0.1988,0,-0.0372,0,无预测冲突，gate关闭
slow_closing_no_predicted_conflict,controlled_pair_diagnostic,CA-GAT-MAPPO,102,10.2,robot_1,robot_2,2.5407,0.2591,3.108,2.438,0,0,0,0.173,0,0.0404,0,无预测冲突，gate关闭
slow_closing_no_predicted_conflict,controlled_pair_diagnostic,CA-GAT-MAPPO,103,10.3,robot_1,robot_2,2.5302,0.2907,2.877,2.4198,0,0,0,0.0666,0,-0.0852,0,无预测冲突，gate关闭
slow_closing_no_predicted_conflict,controlled_pair_diagnostic,CA-GAT-MAPPO,104,10.4,robot_1,robot_2,2.339,0.3315,3.05,2.1882,0,0,0,-0.1027,0,0.1049,0,无预测冲突，gate关闭
slow_closing_no_predicted_conflict,controlled_pair_diagnostic,CA-GAT-MAPPO,105,10.5,robot_1,robot_2,2.3269,0.357,2.95,2.1393,0,0,0,-0.0612,0,0.1418,0,无预测冲突，gate关闭
slow_closing_no_predicted_conflict,controlled_pair_diagnostic,CA-GAT-MAPPO,106,10.6,robot_1,robot_2,2.3181,0.3728,2.824,2.1871,0,0,0,0.0799,0,0.1442,0,无预测冲突，gate关闭
slow_closing_no_predicted_conflict,controlled_pair_diagnostic,CA-GAT-MAPPO,107,10.7,robot_1,robot_2,2.4172,0.2907,2.96,2.3155,0,0,0,-0.0458,0,-0.1612,0,无预测冲突，gate关闭
slow_closing_no_predicted_conflict,controlled_pair_diagnostic,CA-GAT-MAPPO,108,10.8,robot_1,robot_2,2.3702,0.2984,2.585,2.1931,0,0,0,-0.1825,0,-0.1211,0,无预测冲突，gate关闭
slow_closing_no_predicted_conflict,controlled_pair_diagnostic,CA-GAT-MAPPO,109,10.9,robot_1,robot_2,2.3925,0.3769,2.821,2.2015,0,0,0,0.0944,0,0.0664,0,无预测冲突，gate关闭
slow_closing_no_predicted_conflict,controlled_pair_diagnostic,CA-GAT-MAPPO,110,11,robot_1,robot_2,2.3413,0.316,2.668,2.2363,0,0,0,0.0717,0,-0.0715,0,无预测冲突，gate关闭
slow_closing_no_predicted_conflict,controlled_pair_diagnostic,CA-GAT-MAPPO,111,11.1,robot_1,robot_2,2.2425,0.3541,2.708,2.0495,0,0,0,0.0306,0,0.1605,0,无预测冲突，gate关闭
slow_closing_no_predicted_conflict,controlled_pair_diagnostic,CA-GAT-MAPPO,112,11.2,robot_1,robot_2,2.352,0.3536,2.558,2.2155,0,0,0,0.1517,0,0.1858,0,无预测冲突，gate关闭
slow_closing_no_predicted_conflict,controlled_pair_diagnostic,CA-GAT-MAPPO,113,11.3,robot_1,robot_2,2.1865,0.3931,2.468,2.0205,0,0,0,0.037,0,-0.0025,0,无预测冲突，gate关闭
slow_closing_no_predicted_conflict,controlled_pair_diagnostic,CA-GAT-MAPPO,114,11.4,robot_1,robot_2,2.1775,0.3075,2.58,2.0593,0,0,0,-0.0281,0,0.0301,0,无预测冲突，gate关闭
slow_closing_no_predicted_conflict,controlled_pair_diagnostic,CA-GAT-MAPPO,115,11.5,robot_1,robot_2,2.2698,0.3283,2.766,2.1597,0,0,0,0.1543,0,-0.0327,0,无预测冲突，gate关闭
slow_closing_no_predicted_conflict,controlled_pair_diagnostic,CA-GAT-MAPPO,116,11.6,robot_1,robot_2,2.1128,0.3643,2.432,1.9723,0,0,0,0.016,0,-0.0452,0,无预测冲突，gate关闭
slow_closing_no_predicted_conflict,controlled_pair_diagnostic,CA-GAT-MAPPO,117,11.7,robot_1,robot_2,2.1645,0.3479,2.423,2.018,0,0,0,0.025,0,0.0486,0,无预测冲突，gate关闭
slow_closing_no_predicted_conflict,controlled_pair_diagnostic,CA-GAT-MAPPO,118,11.8,robot_1,robot_2,2.2316,0.3351,2.661,2.0416,0,0,0,-0.1079,0,-0.1623,0,无预测冲突，gate关闭
slow_closing_no_predicted_conflict,controlled_pair_diagnostic,CA-GAT-MAPPO,119,11.9,robot_1,robot_2,2.0706,0.3363,2.429,1.8812,0,0,0,-0.0294,0,0.1185,0,无预测冲突，gate关闭
slow_closing_no_predicted_conflict,controlled_pair_diagnostic,CA-GAT-MAPPO,120,12,robot_1,robot_2,2.1918,0.4204,2.506,2.0097,0,0,0,-0.126,0,-0.027,0,无预测冲突，gate关闭
slow_closing_no_predicted_conflict,controlled_pair_diagnostic,CA-GAT-MAPPO,121,12.1,robot_1,robot_2,2.0502,0.3863,2.348,1.8559,0,0,0,0.1154,0,-0.1976,0,无预测冲突，gate关闭
slow_closing_no_predicted_conflict,controlled_pair_diagnostic,CA-GAT-MAPPO,122,12.2,robot_1,robot_2,2.0281,0.3933,2.216,1.8482,0,0,0,0.0166,0,0.0297,0,无预测冲突，gate关闭
slow_closing_no_predicted_conflict,controlled_pair_diagnostic,CA-GAT-MAPPO,123,12.3,robot_1,robot_2,2.1776,0.3806,2.267,2.038,0,0,0,-0.1113,0,-0.0013,0,无预测冲突，gate关闭
slow_closing_no_predicted_conflict,controlled_pair_diagnostic,CA-GAT-MAPPO,124,12.4,robot_1,robot_2,2.1119,0.4313,2.466,1.9544,0,0,0,-0.0212,0,-0.0019,0,无预测冲突，gate关闭
slow_closing_no_predicted_conflict,controlled_pair_diagnostic,CA-GAT-MAPPO,125,12.5,robot_1,robot_2,2.0843,0.4094,2.178,1.9317,0,0,0,-0.0816,0,-0.1447,0,无预测冲突，gate关闭
slow_closing_no_predicted_conflict,controlled_pair_diagnostic,CA-GAT-MAPPO,126,12.6,robot_1,robot_2,2.1301,0.4346,2.113,2.0002,0,0,0,-0.18,0,-0.1531,0,无预测冲突，gate关闭
slow_closing_no_predicted_conflict,controlled_pair_diagnostic,CA-GAT-MAPPO,127,12.7,robot_1,robot_2,1.9762,0.4369,2.053,1.8292,0,0,0,0.0316,0,-0.1801,0,无预测冲突，gate关闭
slow_closing_no_predicted_conflict,controlled_pair_diagnostic,CA-GAT-MAPPO,128,12.8,robot_1,robot_2,2.0486,0.3882,2.149,1.8624,0,0,0,0.1667,0,0.198,0,无预测冲突，gate关闭
slow_closing_no_predicted_conflict,controlled_pair_diagnostic,CA-GAT-MAPPO,129,12.9,robot_1,robot_2,1.9313,0.4555,2.231,1.7375,0,0,0,-0.0235,0,-0.0432,0,无预测冲突，gate关闭
slow_closing_no_predicted_conflict,controlled_pair_diagnostic,CA-GAT-MAPPO,130,13,robot_1,robot_2,1.9286,0.4299,2.103,1.783,0,0,0,-0.1077,0,-0.0687,0,无预测冲突，gate关闭
slow_closing_no_predicted_conflict,controlled_pair_diagnostic,CA-GAT-MAPPO,131,13.1,robot_1,robot_2,1.857,0.3856,2.253,1.7358,0,0,0,0.1366,0,0.1223,0,无预测冲突，gate关闭
slow_closing_no_predicted_conflict,controlled_pair_diagnostic,CA-GAT-MAPPO,132,13.2,robot_1,robot_2,2.0071,0.4533,2.188,1.8807,0,0,0,0.1798,0,-0.0263,0,无预测冲突，gate关闭
slow_closing_no_predicted_conflict,controlled_pair_diagnostic,CA-GAT-MAPPO,133,13.3,robot_1,robot_2,1.9852,0.4439,1.954,1.8435,0,0,0,0.0283,0,-0.1071,0,无预测冲突，gate关闭
slow_closing_no_predicted_conflict,controlled_pair_diagnostic,CA-GAT-MAPPO,134,13.4,robot_1,robot_2,1.9261,0.3909,2.106,1.8088,0,0,0,-0.0886,0,-0.1709,0,无预测冲突，gate关闭
slow_closing_no_predicted_conflict,controlled_pair_diagnostic,CA-GAT-MAPPO,135,13.5,robot_1,robot_2,1.8707,0.46,2.176,1.7543,0,0,0,-0.1389,0,0.1448,0,无预测冲突，gate关闭
slow_closing_no_predicted_conflict,controlled_pair_diagnostic,CA-GAT-MAPPO,136,13.6,robot_1,robot_2,1.8071,0.453,1.941,1.6335,0,0,0,0.1258,0,0.043,0,无预测冲突，gate关闭
slow_closing_no_predicted_conflict,controlled_pair_diagnostic,CA-GAT-MAPPO,137,13.7,robot_1,robot_2,1.917,0.4168,1.889,1.766,0,0,0,0.152,0,0.1588,0,无预测冲突，gate关闭
slow_closing_no_predicted_conflict,controlled_pair_diagnostic,CA-GAT-MAPPO,138,13.8,robot_1,robot_2,1.9096,0.4921,1.915,1.7241,0,0,0,0.157,0,0.1019,0,无预测冲突，gate关闭
slow_closing_no_predicted_conflict,controlled_pair_diagnostic,CA-GAT-MAPPO,139,13.9,robot_1,robot_2,1.8522,0.5011,2.007,1.6811,0,0,0,-0.1608,0,0.13,0,无预测冲突，gate关闭
slow_closing_no_predicted_conflict,controlled_pair_diagnostic,CA-GAT-MAPPO,140,14,robot_1,robot_2,1.696,0.5044,1.696,1.5394,0,0,0,0.1897,0,0.078,0,无预测冲突，gate关闭
slow_closing_no_predicted_conflict,controlled_pair_diagnostic,CA-GAT-MAPPO,141,14.1,robot_1,robot_2,1.7685,0.4434,2.011,1.6629,0,0,0,0.1099,0,0.0187,0,无预测冲突，gate关闭
slow_closing_no_predicted_conflict,controlled_pair_diagnostic,CA-GAT-MAPPO,142,14.2,robot_1,robot_2,1.7351,0.472,1.911,1.5628,0,0,0,-0.1241,0,0.1537,0,无预测冲突，gate关闭
slow_closing_no_predicted_conflict,controlled_pair_diagnostic,CA-GAT-MAPPO,143,14.3,robot_1,robot_2,1.6543,0.4391,1.926,1.491,0,0,0,0.0685,0,-0.067,0,无预测冲突，gate关闭
slow_closing_no_predicted_conflict,controlled_pair_diagnostic,CA-GAT-MAPPO,144,14.4,robot_1,robot_2,1.6092,0.5099,1.677,1.4524,0,0,0,0.0653,0,0.0231,0,无预测冲突，gate关闭
slow_closing_no_predicted_conflict,controlled_pair_diagnostic,CA-GAT-MAPPO,145,14.5,robot_1,robot_2,1.6457,0.5073,1.892,1.5077,0,0,0,0.0188,0,-0.1268,0,无预测冲突，gate关闭
slow_closing_no_predicted_conflict,controlled_pair_diagnostic,CA-GAT-MAPPO,146,14.6,robot_1,robot_2,1.7156,0.5027,1.737,1.5648,0,0,0,0.0806,0,0.1726,0,无预测冲突，gate关闭
slow_closing_no_predicted_conflict,controlled_pair_diagnostic,CA-GAT-MAPPO,147,14.7,robot_1,robot_2,1.6506,0.5031,1.68,1.5164,0,0,0,-0.0867,0,-0.0653,0,无预测冲突，gate关闭
slow_closing_no_predicted_conflict,controlled_pair_diagnostic,CA-GAT-MAPPO,148,14.8,robot_1,robot_2,1.7204,0.5307,1.702,1.5439,0,0,0,-0.1009,0,0.0229,0,无预测冲突，gate关闭
slow_closing_no_predicted_conflict,controlled_pair_diagnostic,CA-GAT-MAPPO,149,14.9,robot_1,robot_2,1.6162,0.5421,1.539,1.418,0,0,0,-0.0936,0,0.1541,0,无预测冲突，gate关闭
slow_closing_no_predicted_conflict,controlled_pair_diagnostic,CA-GAT-MAPPO,150,15,robot_1,robot_2,1.6709,0.5052,1.636,1.4725,0,0,0,-0.1156,0,0.019,0,无预测冲突，gate关闭
slow_closing_no_predicted_conflict,controlled_pair_diagnostic,CA-GAT-MAPPO,151,15.1,robot_1,robot_2,1.6023,0.4658,1.735,1.4523,0,0,0,0.1526,0,-0.0703,0,无预测冲突，gate关闭
slow_closing_no_predicted_conflict,controlled_pair_diagnostic,CA-GAT-MAPPO,152,15.2,robot_1,robot_2,1.5715,0.4691,1.354,1.3894,0,0,0,0.0425,0,0.0449,0,无预测冲突，gate关闭
slow_closing_no_predicted_conflict,controlled_pair_diagnostic,CA-GAT-MAPPO,153,15.3,robot_1,robot_2,1.5918,0.4896,1.491,1.4138,0,0,0,-0.1331,0,-0.0057,0,无预测冲突，gate关闭
slow_closing_no_predicted_conflict,controlled_pair_diagnostic,CA-GAT-MAPPO,154,15.4,robot_1,robot_2,1.5324,0.5042,1.404,1.3452,0,0,0,0.1651,0,0.1542,0,无预测冲突，gate关闭
slow_closing_no_predicted_conflict,controlled_pair_diagnostic,CA-GAT-MAPPO,155,15.5,robot_1,robot_2,1.4616,0.5468,1.533,1.2781,0,0,0,-0.0773,0,0.0343,0,无预测冲突，gate关闭
slow_closing_no_predicted_conflict,controlled_pair_diagnostic,CA-GAT-MAPPO,156,15.6,robot_1,robot_2,1.4844,0.5671,1.542,1.3322,0,0,0,0.0863,0,-0.0622,0,无预测冲突，gate关闭
slow_closing_no_predicted_conflict,controlled_pair_diagnostic,CA-GAT-MAPPO,157,15.7,robot_1,robot_2,1.4277,0.4952,1.561,1.2335,0,0,0,0.0806,0,0.1779,0,无预测冲突，gate关闭
slow_closing_no_predicted_conflict,controlled_pair_diagnostic,CA-GAT-MAPPO,158,15.8,robot_1,robot_2,1.5558,0.5345,1.271,1.3642,0,0,0,0.1578,0,-0.1213,0,无预测冲突，gate关闭
slow_closing_no_predicted_conflict,controlled_pair_diagnostic,CA-GAT-MAPPO,159,15.9,robot_1,robot_2,1.3486,0.5128,1.288,1.2011,0,0,0,0.0823,0,0.1947,0,无预测冲突，gate关闭
slow_closing_no_predicted_conflict,controlled_pair_diagnostic,CA-GAT-MAPPO,160,16,robot_1,robot_2,1.4619,0.5086,1.222,1.2898,0,0,0,-0.0808,0,-0.1935,0,无预测冲突，gate关闭
slow_closing_no_predicted_conflict,controlled_pair_diagnostic,CA-GAT-MAPPO,161,16.1,robot_1,robot_2,1.377,0.5798,1.474,1.2382,0,0,0,0.1256,0,0.145,0,无预测冲突，gate关闭
slow_closing_no_predicted_conflict,controlled_pair_diagnostic,CA-GAT-MAPPO,162,16.2,robot_1,robot_2,1.4143,0.5915,1.323,1.2285,0,0,0,0.1673,0,0.1202,0,无预测冲突，gate关闭
slow_closing_no_predicted_conflict,controlled_pair_diagnostic,CA-GAT-MAPPO,163,16.3,robot_1,robot_2,1.2844,0.5463,1.204,1.0922,0,0,0,0.0155,0,0.1004,0,无预测冲突，gate关闭
slow_closing_no_predicted_conflict,controlled_pair_diagnostic,CA-GAT-MAPPO,164,16.4,robot_1,robot_2,1.2975,0.576,1.164,1.1027,0,0,0,-0.1379,0,-0.1748,0,无预测冲突，gate关闭
slow_closing_no_predicted_conflict,controlled_pair_diagnostic,CA-GAT-MAPPO,165,16.5,robot_1,robot_2,1.386,0.5556,1.102,1.2273,0,0,0,0.1019,0,0.1924,0,无预测冲突，gate关闭
slow_closing_no_predicted_conflict,controlled_pair_diagnostic,CA-GAT-MAPPO,166,16.6,robot_1,robot_2,1.3761,0.6072,1.028,1.2344,0,0,0,-0.0807,0,-0.0003,0,无预测冲突，gate关闭
slow_closing_no_predicted_conflict,controlled_pair_diagnostic,CA-GAT-MAPPO,167,16.7,robot_1,robot_2,1.2043,0.5682,1.193,1.0501,0,0,0,0.0832,0,-0.0962,0,无预测冲突，gate关闭
slow_closing_no_predicted_conflict,controlled_pair_diagnostic,CA-GAT-MAPPO,168,16.8,robot_1,robot_2,1.3387,0.6022,1.089,1.2048,0,0,0,-0.1524,0,-0.1898,0,无预测冲突，gate关闭
slow_closing_no_predicted_conflict,controlled_pair_diagnostic,CA-GAT-MAPPO,169,16.9,robot_1,robot_2,1.2647,0.5371,1.085,1.08,0,0,0,-0.0584,0,0.0198,0,无预测冲突，gate关闭
slow_closing_no_predicted_conflict,controlled_pair_diagnostic,CA-GAT-MAPPO,170,17,robot_1,robot_2,1.269,0.5578,1.193,1.1185,0,0,0,0.0798,0,-0.0656,0,无预测冲突，gate关闭
slow_closing_no_predicted_conflict,controlled_pair_diagnostic,CA-GAT-MAPPO,171,17.1,robot_1,robot_2,1.175,0.5619,1.103,1.0419,0,0,0,0.1941,0,0.1763,0,无预测冲突，gate关闭
slow_closing_no_predicted_conflict,controlled_pair_diagnostic,CA-GAT-MAPPO,172,17.2,robot_1,robot_2,1.2934,0.6192,1.013,1.1572,0,0,0,-0.1965,0,-0.0217,0,无预测冲突，gate关闭
slow_closing_no_predicted_conflict,controlled_pair_diagnostic,CA-GAT-MAPPO,173,17.3,robot_1,robot_2,1.2438,0.6175,0.836,1.0595,0,0,0,-0.1832,0,-0.0982,0,无预测冲突，gate关闭
predicted_conflict_gate_opening,controlled_pair_diagnostic,CA-GAT-MAPPO,174,17.4,robot_1,robot_2,1.127,0.5526,0.834,0.9443,1,0.582,0.582,-0.1695,-0.0987,0.1066,0.062,预测到冲突，gate开启传递残差
slow_closing_no_predicted_conflict,controlled_pair_diagnostic,CA-GAT-MAPPO,175,17.5,robot_1,robot_2,1.1205,0.6477,0.826,1.0177,0,0,0,0.0108,0,0.1357,0,无预测冲突，gate关闭
slow_closing_no_predicted_conflict,controlled_pair_diagnostic,CA-GAT-MAPPO,176,17.6,robot_1,robot_2,1.1441,0.6163,0.985,1.0026,0,0,0,0.1835,0,0.1761,0,无预测冲突，gate关闭
slow_closing_no_predicted_conflict,controlled_pair_diagnostic,CA-GAT-MAPPO,177,17.7,robot_1,robot_2,1.1419,0.5607,0.865,1.0098,0,0,0,-0.1347,0,0.0654,0,无预测冲突，gate关闭
predicted_conflict_gate_opening,controlled_pair_diagnostic,CA-GAT-MAPPO,178,17.8,robot_1,robot_2,1.1554,0.6235,0.779,0.9863,1,0.5631,0.5631,-0.0853,-0.048,0.0988,0.0556,预测到冲突，gate开启传递残差
predicted_conflict_gate_opening,controlled_pair_diagnostic,CA-GAT-MAPPO,179,17.9,robot_1,robot_2,0.9831,0.5985,0.811,0.845,1,0.6779,0.6779,0.1073,0.0727,-0.1141,-0.0774,预测到冲突，gate开启传递残差
predicted_conflict_gate_opening,controlled_pair_diagnostic,CA-GAT-MAPPO,180,18,robot_1,robot_2,0.9896,0.6157,0.689,0.8351,1,0.6736,0.6736,-0.1759,-0.1185,-0.1388,-0.0935,预测到冲突，gate开启传递残差
predicted_conflict_gate_opening,controlled_pair_diagnostic,CA-GAT-MAPPO,181,18.1,robot_1,robot_2,1.1277,0.6734,0.565,0.9313,1,0.5815,0.5815,-0.0386,-0.0224,0.1211,0.0704,预测到冲突，gate开启传递残差
predicted_conflict_gate_opening,controlled_pair_diagnostic,CA-GAT-MAPPO,182,18.2,robot_1,robot_2,1.0592,0.5817,0.884,0.9219,1,0.6272,0.6272,-0.1853,-0.1162,0.0369,0.0231,预测到冲突，gate开启传递残差
predicted_conflict_gate_opening,controlled_pair_diagnostic,CA-GAT-MAPPO,183,18.3,robot_1,robot_2,1.1045,0.6132,0.49,0.9295,1,0.597,0.597,-0.1251,-0.0747,0.098,0.0585,预测到冲突，gate开启传递残差
predicted_conflict_gate_opening,controlled_pair_diagnostic,CA-GAT-MAPPO,184,18.4,robot_1,robot_2,0.9339,0.6766,0.643,0.7944,1,0.7107,0.7107,0.1138,0.0809,0.0114,0.0081,预测到冲突，gate开启传递残差
predicted_conflict_gate_opening,controlled_pair_diagnostic,CA-GAT-MAPPO,185,18.5,robot_1,robot_2,0.9979,0.6493,0.816,0.8429,1,0.668,0.668,-0.0267,-0.0178,-0.032,-0.0214,预测到冲突，gate开启传递残差
predicted_conflict_gate_opening,controlled_pair_diagnostic,CA-GAT-MAPPO,186,18.6,robot_1,robot_2,1.0485,0.6248,0.599,0.9441,1,0.6343,0.6343,0.155,0.0983,0.0985,0.0625,预测到冲突，gate开启传递残差
predicted_conflict_gate_opening,controlled_pair_diagnostic,CA-GAT-MAPPO,187,18.7,robot_1,robot_2,0.8588,0.6407,0.483,0.7227,1,0.7608,0.7608,0.0696,0.0529,0.0003,0.0003,预测到冲突，gate开启传递残差
predicted_conflict_gate_opening,controlled_pair_diagnostic,CA-GAT-MAPPO,188,18.8,robot_1,robot_2,0.8434,0.67,0.429,0.7101,1,0.7711,0.7711,-0.0293,-0.0226,0.1534,0.1183,预测到冲突，gate开启传递残差
predicted_conflict_gate_opening,controlled_pair_diagnostic,CA-GAT-MAPPO,189,18.9,robot_1,robot_2,0.8111,0.6107,0.316,0.6844,1,0.7926,0.7926,0.0665,0.0527,0.15,0.1189,预测到冲突，gate开启传递残差
predicted_conflict_gate_opening,controlled_pair_diagnostic,CA-GAT-MAPPO,190,19,robot_1,robot_2,0.9343,0.6459,0.646,0.7937,1,0.7105,0.7105,0.0111,0.0079,-0.1634,-0.1161,预测到冲突，gate开启传递残差
predicted_conflict_gate_opening,controlled_pair_diagnostic,CA-GAT-MAPPO,191,19.1,robot_1,robot_2,0.8692,0.7107,0.404,0.7222,1,0.7539,0.7539,-0.0823,-0.0621,0.0849,0.064,预测到冲突，gate开启传递残差
predicted_conflict_gate_opening,controlled_pair_diagnostic,CA-GAT-MAPPO,192,19.2,robot_1,robot_2,0.8893,0.6422,0.328,0.7507,1,0.7405,0.7405,-0.1189,-0.0881,0.0394,0.0291,预测到冲突，gate开启传递残差
predicted_conflict_gate_opening,controlled_pair_diagnostic,CA-GAT-MAPPO,193,19.3,robot_1,robot_2,0.7808,0.7065,0.198,0.6564,1,0.8128,0.8128,0.0235,0.0191,-0.0207,-0.0168,预测到冲突，gate开启传递残差
predicted_conflict_gate_opening,controlled_pair_diagnostic,CA-GAT-MAPPO,194,19.4,robot_1,robot_2,0.8147,0.6268,0.359,0.639,1,0.7902,0.7902,-0.1292,-0.1021,-0.0714,-0.0564,预测到冲突，gate开启传递残差
predicted_conflict_gate_opening,controlled_pair_diagnostic,CA-GAT-MAPPO,195,19.5,robot_1,robot_2,0.7861,0.6806,0.352,0.6835,1,0.8093,0.8093,-0.1412,-0.1143,-0.1455,-0.1177,预测到冲突，gate开启传递残差
predicted_conflict_gate_opening,controlled_pair_diagnostic,CA-GAT-MAPPO,196,19.6,robot_1,robot_2,0.7773,0.693,0.451,0.604,1,0.8151,0.8151,0.0096,0.0078,0.0984,0.0802,预测到冲突，gate开启传递残差
predicted_conflict_gate_opening,controlled_pair_diagnostic,CA-GAT-MAPPO,197,19.7,robot_1,robot_2,0.7511,0.7361,0.169,0.6051,1,0.8326,0.8326,0.1441,0.12,0.0362,0.0302,预测到冲突，gate开启传递残差
predicted_conflict_gate_opening,controlled_pair_diagnostic,CA-GAT-MAPPO,198,19.8,robot_1,robot_2,0.6738,0.689,0.177,0.5151,1,0.8842,0.8842,-0.0704,-0.0622,-0.1563,-0.1382,预测到冲突，gate开启传递残差
predicted_conflict_gate_opening,controlled_pair_diagnostic,CA-GAT-MAPPO,199,19.9,robot_1,robot_2,0.6183,0.6696,0.307,0.4696,1,0.9211,0.9211,-0.0675,-0.0622,-0.1493,-0.1375,预测到冲突，gate开启传递残差
slow_closing_no_predicted_conflict,controlled_pair_diagnostic,CA-GAT-MAPPO,200,20,robot_1,robot_2,2.4484,0.3112,2.95,2.3137,0,0,0,-0.0537,0,0.0356,0,无预测冲突，gate关闭
slow_closing_no_predicted_conflict,controlled_pair_diagnostic,CA-GAT-MAPPO,201,20.1,robot_1,robot_2,2.5777,0.3011,2.839,2.4749,0,0,0,0.1881,0,-0.1154,0,无预测冲突，gate关闭
slow_closing_no_predicted_conflict,controlled_pair_diagnostic,CA-GAT-MAPPO,202,20.2,robot_1,robot_2,2.5542,0.3151,2.864,2.3986,0,0,0,0.1872,0,0.0065,0,无预测冲突，gate关闭
slow_closing_no_predicted_conflict,controlled_pair_diagnostic,CA-GAT-MAPPO,203,20.3,robot_1,robot_2,2.3962,0.3504,2.848,2.2924,0,0,0,-0.0634,0,-0.145,0,无预测冲突，gate关闭
slow_closing_no_predicted_conflict,controlled_pair_diagnostic,CA-GAT-MAPPO,204,20.4,robot_1,robot_2,2.4357,0.3447,2.804,2.3275,0,0,0,-0.129,0,-0.095,0,无预测冲突，gate关闭
slow_closing_no_predicted_conflict,controlled_pair_diagnostic,CA-GAT-MAPPO,205,20.5,robot_1,robot_2,2.5026,0.3643,2.935,2.3852,0,0,0,0.1001,0,0.1983,0,无预测冲突，gate关闭
slow_closing_no_predicted_conflict,controlled_pair_diagnostic,CA-GAT-MAPPO,206,20.6,robot_1,robot_2,2.4407,0.301,3.027,2.2935,0,0,0,-0.0148,0,0.0039,0,无预测冲突，gate关闭
slow_closing_no_predicted_conflict,controlled_pair_diagnostic,CA-GAT-MAPPO,207,20.7,robot_1,robot_2,2.4618,0.3646,2.727,2.3113,0,0,0,0.1198,0,0.122,0,无预测冲突，gate关闭
slow_closing_no_predicted_conflict,controlled_pair_diagnostic,CA-GAT-MAPPO,208,20.8,robot_1,robot_2,2.4144,0.3588,2.893,2.3078,0,0,0,-0.0287,0,0.0873,0,无预测冲突，gate关闭
slow_closing_no_predicted_conflict,controlled_pair_diagnostic,CA-GAT-MAPPO,209,20.9,robot_1,robot_2,2.3607,0.2867,2.559,2.2545,0,0,0,-0.0468,0,0.1588,0,无预测冲突，gate关闭
slow_closing_no_predicted_conflict,controlled_pair_diagnostic,CA-GAT-MAPPO,210,21,robot_1,robot_2,2.411,0.3845,2.785,2.2572,0,0,0,-0.0244,0,0.0412,0,无预测冲突，gate关闭
slow_closing_no_predicted_conflict,controlled_pair_diagnostic,CA-GAT-MAPPO,211,21.1,robot_1,robot_2,2.3417,0.317,2.819,2.1525,0,0,0,-0.1875,0,-0.0874,0,无预测冲突，gate关闭
slow_closing_no_predicted_conflict,controlled_pair_diagnostic,CA-GAT-MAPPO,212,21.2,robot_1,robot_2,2.2378,0.3561,2.582,2.0561,0,0,0,0.078,0,0.0751,0,无预测冲突，gate关闭
slow_closing_no_predicted_conflict,controlled_pair_diagnostic,CA-GAT-MAPPO,213,21.3,robot_1,robot_2,2.2209,0.3112,2.782,2.0503,0,0,0,-0.1203,0,-0.0871,0,无预测冲突，gate关闭
slow_closing_no_predicted_conflict,controlled_pair_diagnostic,CA-GAT-MAPPO,214,21.4,robot_1,robot_2,2.2717,0.3349,2.592,2.1261,0,0,0,0.0552,0,0.1527,0,无预测冲突，gate关闭
slow_closing_no_predicted_conflict,controlled_pair_diagnostic,CA-GAT-MAPPO,215,21.5,robot_1,robot_2,2.1348,0.3549,2.695,2.0167,0,0,0,-0.0497,0,0.0394,0,无预测冲突，gate关闭
slow_closing_no_predicted_conflict,controlled_pair_diagnostic,CA-GAT-MAPPO,216,21.6,robot_1,robot_2,2.239,0.322,2.442,2.0667,0,0,0,0.1266,0,0.0417,0,无预测冲突，gate关闭
slow_closing_no_predicted_conflict,controlled_pair_diagnostic,CA-GAT-MAPPO,217,21.7,robot_1,robot_2,2.1312,0.4028,2.605,1.9949,0,0,0,-0.1073,0,0.1333,0,无预测冲突，gate关闭
slow_closing_no_predicted_conflict,controlled_pair_diagnostic,CA-GAT-MAPPO,218,21.8,robot_1,robot_2,2.2189,0.3244,2.431,2.1102,0,0,0,-0.0728,0,-0.0984,0,无预测冲突，gate关闭
slow_closing_no_predicted_conflict,controlled_pair_diagnostic,CA-GAT-MAPPO,219,21.9,robot_1,robot_2,2.1627,0.3881,2.474,2.0322,0,0,0,0.104,0,-0.0273,0,无预测冲突，gate关闭
slow_closing_no_predicted_conflict,controlled_pair_diagnostic,CA-GAT-MAPPO,220,22,robot_1,robot_2,2.045,0.4076,2.445,1.9106,0,0,0,0.1689,0,0.1021,0,无预测冲突，gate关闭
slow_closing_no_predicted_conflict,controlled_pair_diagnostic,CA-GAT-MAPPO,221,22.1,robot_1,robot_2,2.1033,0.3809,2.4,1.9727,0,0,0,-0.0687,0,-0.0341,0,无预测冲突，gate关闭
slow_closing_no_predicted_conflict,controlled_pair_diagnostic,CA-GAT-MAPPO,222,22.2,robot_1,robot_2,2.0269,0.4168,2.457,1.8565,0,0,0,0.1249,0,-0.141,0,无预测冲突，gate关闭
slow_closing_no_predicted_conflict,controlled_pair_diagnostic,CA-GAT-MAPPO,223,22.3,robot_1,robot_2,2.105,0.3965,2.226,1.9585,0,0,0,-0.0932,0,-0.0924,0,无预测冲突，gate关闭
slow_closing_no_predicted_conflict,controlled_pair_diagnostic,CA-GAT-MAPPO,224,22.4,robot_1,robot_2,1.9739,0.4155,2.47,1.8276,0,0,0,-0.139,0,-0.1772,0,无预测冲突，gate关闭
slow_closing_no_predicted_conflict,controlled_pair_diagnostic,CA-GAT-MAPPO,225,22.5,robot_1,robot_2,1.9928,0.4167,2.328,1.8436,0,0,0,-0.0554,0,-0.1122,0,无预测冲突，gate关闭
slow_closing_no_predicted_conflict,controlled_pair_diagnostic,CA-GAT-MAPPO,226,22.6,robot_1,robot_2,1.9524,0.4486,2.461,1.8367,0,0,0,-0.0683,0,0.02,0,无预测冲突，gate关闭
slow_closing_no_predicted_conflict,controlled_pair_diagnostic,CA-GAT-MAPPO,227,22.7,robot_1,robot_2,1.9596,0.4359,2.198,1.7895,0,0,0,0.128,0,-0.0147,0,无预测冲突，gate关闭
slow_closing_no_predicted_conflict,controlled_pair_diagnostic,CA-GAT-MAPPO,228,22.8,robot_1,robot_2,1.9284,0.4505,2.319,1.8078,0,0,0,0.1655,0,-0.0012,0,无预测冲突，gate关闭
slow_closing_no_predicted_conflict,controlled_pair_diagnostic,CA-GAT-MAPPO,229,22.9,robot_1,robot_2,1.9079,0.4651,2.357,1.8049,0,0,0,-0.1549,0,0.1039,0,无预测冲突，gate关闭
slow_closing_no_predicted_conflict,controlled_pair_diagnostic,CA-GAT-MAPPO,230,23,robot_1,robot_2,1.8626,0.4671,1.987,1.7484,0,0,0,0.1736,0,-0.1385,0,无预测冲突，gate关闭
slow_closing_no_predicted_conflict,controlled_pair_diagnostic,CA-GAT-MAPPO,231,23.1,robot_1,robot_2,1.9482,0.4496,2.236,1.831,0,0,0,-0.0622,0,-0.0027,0,无预测冲突，gate关闭
slow_closing_no_predicted_conflict,controlled_pair_diagnostic,CA-GAT-MAPPO,232,23.2,robot_1,robot_2,1.8414,0.4545,1.989,1.6537,0,0,0,0.0577,0,-0.0289,0,无预测冲突，gate关闭
slow_closing_no_predicted_conflict,controlled_pair_diagnostic,CA-GAT-MAPPO,233,23.3,robot_1,robot_2,1.8208,0.3838,2.252,1.6755,0,0,0,-0.0983,0,0.0526,0,无预测冲突，gate关闭
slow_closing_no_predicted_conflict,controlled_pair_diagnostic,CA-GAT-MAPPO,234,23.4,robot_1,robot_2,1.9325,0.4513,2.113,1.8105,0,0,0,0.0962,0,-0.0406,0,无预测冲突，gate关闭
slow_closing_no_predicted_conflict,controlled_pair_diagnostic,CA-GAT-MAPPO,235,23.5,robot_1,robot_2,1.9341,0.4464,2.023,1.7964,0,0,0,-0.1913,0,0.0642,0,无预测冲突，gate关闭
slow_closing_no_predicted_conflict,controlled_pair_diagnostic,CA-GAT-MAPPO,236,23.6,robot_1,robot_2,1.763,0.4141,2.071,1.6267,0,0,0,0.1609,0,-0.0432,0,无预测冲突，gate关闭
slow_closing_no_predicted_conflict,controlled_pair_diagnostic,CA-GAT-MAPPO,237,23.7,robot_1,robot_2,1.8617,0.4365,2.046,1.6692,0,0,0,0.1743,0,-0.1567,0,无预测冲突，gate关闭
slow_closing_no_predicted_conflict,controlled_pair_diagnostic,CA-GAT-MAPPO,238,23.8,robot_1,robot_2,1.889,0.4552,1.951,1.7814,0,0,0,-0.1735,0,-0.0732,0,无预测冲突，gate关闭
slow_closing_no_predicted_conflict,controlled_pair_diagnostic,CA-GAT-MAPPO,239,23.9,robot_1,robot_2,1.8685,0.4785,1.813,1.672,0,0,0,-0.051,0,0.1998,0,无预测冲突，gate关闭
slow_closing_no_predicted_conflict,controlled_pair_diagnostic,CA-GAT-MAPPO,240,24,robot_1,robot_2,1.7335,0.4381,1.795,1.5919,0,0,0,0.0986,0,-0.0709,0,无预测冲突，gate关闭
slow_closing_no_predicted_conflict,controlled_pair_diagnostic,CA-GAT-MAPPO,241,24.1,robot_1,robot_2,1.8597,0.4172,1.653,1.7356,0,0,0,-0.0219,0,0.1163,0,无预测冲突，gate关闭
slow_closing_no_predicted_conflict,controlled_pair_diagnostic,CA-GAT-MAPPO,242,24.2,robot_1,robot_2,1.761,0.48,1.787,1.6284,0,0,0,-0.0934,0,0.1497,0,无预测冲突，gate关闭
slow_closing_no_predicted_conflict,controlled_pair_diagnostic,CA-GAT-MAPPO,243,24.3,robot_1,robot_2,1.7335,0.4952,1.71,1.6155,0,0,0,0.1853,0,0.0681,0,无预测冲突，gate关闭
slow_closing_no_predicted_conflict,controlled_pair_diagnostic,CA-GAT-MAPPO,244,24.4,robot_1,robot_2,1.7107,0.5169,1.833,1.608,0,0,0,0.0957,0,-0.0835,0,无预测冲突，gate关闭
slow_closing_no_predicted_conflict,controlled_pair_diagnostic,CA-GAT-MAPPO,245,24.5,robot_1,robot_2,1.7382,0.5242,1.578,1.634,0,0,0,0.0383,0,0.0962,0,无预测冲突，gate关闭
slow_closing_no_predicted_conflict,controlled_pair_diagnostic,CA-GAT-MAPPO,246,24.6,robot_1,robot_2,1.6469,0.5164,1.874,1.5465,0,0,0,0.0471,0,-0.0673,0,无预测冲突，gate关闭
slow_closing_no_predicted_conflict,controlled_pair_diagnostic,CA-GAT-MAPPO,247,24.7,robot_1,robot_2,1.6545,0.4534,1.757,1.4948,0,0,0,0.0958,0,-0.0008,0,无预测冲突，gate关闭
slow_closing_no_predicted_conflict,controlled_pair_diagnostic,CA-GAT-MAPPO,248,24.8,robot_1,robot_2,1.6041,0.5089,1.712,1.4887,0,0,0,-0.125,0,0.1948,0,无预测冲突，gate关闭
slow_closing_no_predicted_conflict,controlled_pair_diagnostic,CA-GAT-MAPPO,249,24.9,robot_1,robot_2,1.6102,0.4502,1.544,1.4954,0,0,0,-0.1831,0,0.1089,0,无预测冲突，gate关闭
slow_closing_no_predicted_conflict,controlled_pair_diagnostic,CA-GAT-MAPPO,250,25,robot_1,robot_2,1.6031,0.5129,1.493,1.434,0,0,0,-0.0444,0,0.1592,0,无预测冲突，gate关闭
slow_closing_no_predicted_conflict,controlled_pair_diagnostic,CA-GAT-MAPPO,251,25.1,robot_1,robot_2,1.6463,0.4608,1.415,1.5153,0,0,0,0.0119,0,0.0774,0,无预测冲突，gate关闭
slow_closing_no_predicted_conflict,controlled_pair_diagnostic,CA-GAT-MAPPO,252,25.2,robot_1,robot_2,1.5521,0.4591,1.599,1.4375,0,0,0,-0.1757,0,0.1357,0,无预测冲突，gate关闭
slow_closing_no_predicted_conflict,controlled_pair_diagnostic,CA-GAT-MAPPO,253,25.3,robot_1,robot_2,1.6142,0.5549,1.335,1.4832,0,0,0,-0.0589,0,-0.0935,0,无预测冲突，gate关闭
slow_closing_no_predicted_conflict,controlled_pair_diagnostic,CA-GAT-MAPPO,254,25.4,robot_1,robot_2,1.6076,0.5073,1.357,1.4146,0,0,0,-0.0044,0,-0.1559,0,无预测冲突，gate关闭
slow_closing_no_predicted_conflict,controlled_pair_diagnostic,CA-GAT-MAPPO,255,25.5,robot_1,robot_2,1.4649,0.4828,1.591,1.286,0,0,0,0.0752,0,0.0676,0,无预测冲突，gate关闭
slow_closing_no_predicted_conflict,controlled_pair_diagnostic,CA-GAT-MAPPO,256,25.6,robot_1,robot_2,1.4869,0.4819,1.313,1.3232,0,0,0,-0.1805,0,-0.0018,0,无预测冲突，gate关闭
slow_closing_no_predicted_conflict,controlled_pair_diagnostic,CA-GAT-MAPPO,257,25.7,robot_1,robot_2,1.4747,0.5449,1.289,1.3579,0,0,0,0.1435,0,0.059,0,无预测冲突，gate关闭
slow_closing_no_predicted_conflict,controlled_pair_diagnostic,CA-GAT-MAPPO,258,25.8,robot_1,robot_2,1.432,0.576,1.365,1.3226,0,0,0,0.1276,0,0.1365,0,无预测冲突，gate关闭
slow_closing_no_predicted_conflict,controlled_pair_diagnostic,CA-GAT-MAPPO,259,25.9,robot_1,robot_2,1.3657,0.4902,1.415,1.2147,0,0,0,-0.194,0,-0.03,0,无预测冲突，gate关闭
slow_closing_no_predicted_conflict,controlled_pair_diagnostic,CA-GAT-MAPPO,260,26,robot_1,robot_2,1.5159,0.4921,1.438,1.3562,0,0,0,-0.1372,0,-0.0832,0,无预测冲突，gate关闭
slow_closing_no_predicted_conflict,controlled_pair_diagnostic,CA-GAT-MAPPO,261,26.1,robot_1,robot_2,1.369,0.5448,1.309,1.2401,0,0,0,-0.1203,0,-0.1207,0,无预测冲突，gate关闭
slow_closing_no_predicted_conflict,controlled_pair_diagnostic,CA-GAT-MAPPO,262,26.2,robot_1,robot_2,1.4063,0.5157,1.236,1.3015,0,0,0,-0.0695,0,-0.103,0,无预测冲突，gate关闭
slow_closing_no_predicted_conflict,controlled_pair_diagnostic,CA-GAT-MAPPO,263,26.3,robot_1,robot_2,1.3396,0.5257,1.338,1.1716,0,0,0,-0.0096,0,0.1938,0,无预测冲突，gate关闭
slow_closing_no_predicted_conflict,controlled_pair_diagnostic,CA-GAT-MAPPO,264,26.4,robot_1,robot_2,1.2597,0.5346,1.274,1.1408,0,0,0,-0.1571,0,-0.0067,0,无预测冲突，gate关闭
slow_closing_no_predicted_conflict,controlled_pair_diagnostic,CA-GAT-MAPPO,265,26.5,robot_1,robot_2,1.351,0.5804,1.284,1.2068,0,0,0,0.1124,0,0.1617,0,无预测冲突，gate关闭
slow_closing_no_predicted_conflict,controlled_pair_diagnostic,CA-GAT-MAPPO,266,26.6,robot_1,robot_2,1.3616,0.5204,1.244,1.2031,0,0,0,0.0598,0,-0.1539,0,无预测冲突，gate关闭
slow_closing_no_predicted_conflict,controlled_pair_diagnostic,CA-GAT-MAPPO,267,26.7,robot_1,robot_2,1.2244,0.5259,0.969,1.0953,0,0,0,0.0444,0,0.1878,0,无预测冲突，gate关闭
slow_closing_no_predicted_conflict,controlled_pair_diagnostic,CA-GAT-MAPPO,268,26.8,robot_1,robot_2,1.3303,0.546,1.267,1.2004,0,0,0,0.0418,0,0.1866,0,无预测冲突，gate关闭
slow_closing_no_predicted_conflict,controlled_pair_diagnostic,CA-GAT-MAPPO,269,26.9,robot_1,robot_2,1.3405,0.5462,0.902,1.179,0,0,0,0.0224,0,-0.1629,0,无预测冲突，gate关闭
slow_closing_no_predicted_conflict,controlled_pair_diagnostic,CA-GAT-MAPPO,270,27,robot_1,robot_2,1.203,0.5729,1.055,1.0178,0,0,0,-0.0285,0,0.0599,0,无预测冲突，gate关闭
slow_closing_no_predicted_conflict,controlled_pair_diagnostic,CA-GAT-MAPPO,271,27.1,robot_1,robot_2,1.3132,0.5944,0.833,1.1157,0,0,0,0.0268,0,0.0306,0,无预测冲突，gate关闭
slow_closing_no_predicted_conflict,controlled_pair_diagnostic,CA-GAT-MAPPO,272,27.2,robot_1,robot_2,1.1203,0.617,1.141,1.0053,0,0,0,0.1551,0,-0.0859,0,无预测冲突，gate关闭
slow_closing_no_predicted_conflict,controlled_pair_diagnostic,CA-GAT-MAPPO,273,27.3,robot_1,robot_2,1.1848,0.5842,0.927,1.0034,0,0,0,-0.1493,0,0.1264,0,无预测冲突，gate关闭
predicted_conflict_gate_opening,controlled_pair_diagnostic,CA-GAT-MAPPO,274,27.4,robot_1,robot_2,1.0886,0.5661,0.785,0.9569,1,0.6076,0.6076,0.195,0.1185,0.1081,0.0657,预测到冲突，gate开启传递残差
slow_closing_no_predicted_conflict,controlled_pair_diagnostic,CA-GAT-MAPPO,275,27.5,robot_1,robot_2,1.2226,0.6149,0.987,1.0752,0,0,0,0.0869,0,-0.126,0,无预测冲突，gate关闭
predicted_conflict_gate_opening,controlled_pair_diagnostic,CA-GAT-MAPPO,276,27.6,robot_1,robot_2,1.0385,0.6518,0.684,0.9012,1,0.641,0.641,-0.1128,-0.0723,0.1553,0.0995,预测到冲突，gate开启传递残差
predicted_conflict_gate_opening,controlled_pair_diagnostic,CA-GAT-MAPPO,277,27.7,robot_1,robot_2,1.0348,0.6466,0.966,0.8892,1,0.6434,0.6434,0.1388,0.0893,-0.039,-0.0251,预测到冲突，gate开启传递残差
predicted_conflict_gate_opening,controlled_pair_diagnostic,CA-GAT-MAPPO,278,27.8,robot_1,robot_2,1.1347,0.6106,0.682,0.972,1,0.5769,0.5769,-0.0375,-0.0216,0.1269,0.0732,预测到冲突，gate开启传递残差
predicted_conflict_gate_opening,controlled_pair_diagnostic,CA-GAT-MAPPO,279,27.9,robot_1,robot_2,1.0115,0.5964,0.849,0.8596,1,0.659,0.659,-0.1831,-0.1206,-0.0335,-0.0221,预测到冲突，gate开启传递残差
predicted_conflict_gate_opening,controlled_pair_diagnostic,CA-GAT-MAPPO,280,28,robot_1,robot_2,1.1251,0.6338,0.812,0.9723,1,0.5833,0.5833,-0.1153,-0.0673,-0.0919,-0.0536,预测到冲突，gate开启传递残差
predicted_conflict_gate_opening,controlled_pair_diagnostic,CA-GAT-MAPPO,281,28.1,robot_1,robot_2,1.0256,0.6421,0.931,0.8769,1,0.6496,0.6496,-0.1201,-0.078,0.1618,0.1051,预测到冲突，gate开启传递残差
predicted_conflict_gate_opening,controlled_pair_diagnostic,CA-GAT-MAPPO,282,28.2,robot_1,robot_2,1.0796,0.6597,0.544,0.9427,1,0.6136,0.6136,-0.1225,-0.0752,0.0032,0.002,预测到冲突，gate开启传递残差
predicted_conflict_gate_opening,controlled_pair_diagnostic,CA-GAT-MAPPO,283,28.3,robot_1,robot_2,0.951,0.6668,0.641,0.7857,1,0.6993,0.6993,-0.153,-0.107,-0.0104,-0.0073,预测到冲突，gate开启传递残差
predicted_conflict_gate_opening,controlled_pair_diagnostic,CA-GAT-MAPPO,284,28.4,robot_1,robot_2,0.9127,0.6746,0.458,0.7173,1,0.7249,0.7249,-0.1467,-0.1063,-0.1257,-0.0911,预测到冲突，gate开启传递残差
predicted_conflict_gate_opening,controlled_pair_diagnostic,CA-GAT-MAPPO,285,28.5,robot_1,robot_2,0.8916,0.6259,0.465,0.746,1,0.739,0.739,-0.0594,-0.0439,-0.1863,-0.1377,预测到冲突，gate开启传递残差
predicted_conflict_gate_opening,controlled_pair_diagnostic,CA-GAT-MAPPO,286,28.6,robot_1,robot_2,1.0011,0.6745,0.721,0.8218,1,0.666,0.666,0.0374,0.0249,0.0177,0.0118,预测到冲突，gate开启传递残差
predicted_conflict_gate_opening,controlled_pair_diagnostic,CA-GAT-MAPPO,287,28.7,robot_1,robot_2,1.0253,0.6628,0.387,0.84,1,0.6498,0.6498,-0.0845,-0.0549,-0.1881,-0.1222,预测到冲突，gate开启传递残差
predicted_conflict_gate_opening,controlled_pair_diagnostic,CA-GAT-MAPPO,288,28.8,robot_1,robot_2,0.8757,0.624,0.4,0.746,1,0.7495,0.7495,-0.0037,-0.0027,-0.1497,-0.1122,预测到冲突，gate开启传递残差
predicted_conflict_gate_opening,controlled_pair_diagnostic,CA-GAT-MAPPO,289,28.9,robot_1,robot_2,0.9969,0.6924,0.682,0.8737,1,0.6687,0.6687,0.108,0.0722,0.1729,0.1156,预测到冲突，gate开启传递残差
predicted_conflict_gate_opening,controlled_pair_diagnostic,CA-GAT-MAPPO,290,29,robot_1,robot_2,0.811,0.615,0.499,0.6202,1,0.7927,0.7927,-0.0693,-0.0549,-0.1685,-0.1336,预测到冲突，gate开启传递残差
predicted_conflict_gate_opening,controlled_pair_diagnostic,CA-GAT-MAPPO,291,29.1,robot_1,robot_2,0.8171,0.6453,0.395,0.6635,1,0.7886,0.7886,-0.1441,-0.1137,-0.0859,-0.0678,预测到冲突，gate开启传递残差
predicted_conflict_gate_opening,controlled_pair_diagnostic,CA-GAT-MAPPO,292,29.2,robot_1,robot_2,0.9179,0.6467,0.281,0.7407,1,0.7214,0.7214,-0.0708,-0.0511,0.0257,0.0186,预测到冲突，gate开启传递残差
predicted_conflict_gate_opening,controlled_pair_diagnostic,CA-GAT-MAPPO,293,29.3,robot_1,robot_2,0.7541,0.6917,0.574,0.5994,1,0.8306,0.8306,-0.127,-0.1055,-0.0436,-0.0362,预测到冲突，gate开启传递残差
predicted_conflict_gate_opening,controlled_pair_diagnostic,CA-GAT-MAPPO,294,29.4,robot_1,robot_2,0.7902,0.6593,0.277,0.6025,1,0.8065,0.8065,-0.0346,-0.0279,-0.1573,-0.1269,预测到冲突，gate开启传递残差
predicted_conflict_gate_opening,controlled_pair_diagnostic,CA-GAT-MAPPO,295,29.5,robot_1,robot_2,0.78,0.7239,0.476,0.6698,1,0.8134,0.8134,0.1365,0.111,0.0843,0.0685,预测到冲突，gate开启传递残差
predicted_conflict_gate_opening,controlled_pair_diagnostic,CA-GAT-MAPPO,296,29.6,robot_1,robot_2,0.855,0.7061,0.393,0.7081,1,0.7633,0.7633,-0.1985,-0.1515,-0.0908,-0.0693,预测到冲突，gate开启传递残差
predicted_conflict_gate_opening,controlled_pair_diagnostic,CA-GAT-MAPPO,297,29.7,robot_1,robot_2,0.7783,0.7,0.239,0.6156,1,0.8145,0.8145,-0.1731,-0.141,-0.1077,-0.0877,预测到冲突，gate开启传递残差
predicted_conflict_gate_opening,controlled_pair_diagnostic,CA-GAT-MAPPO,298,29.8,robot_1,robot_2,0.6578,0.6981,0.1,0.4712,1,0.8948,0.8948,0.1221,0.1093,0.0627,0.0561,预测到冲突，gate开启传递残差
predicted_conflict_gate_opening,controlled_pair_diagnostic,CA-GAT-MAPPO,299,29.9,robot_1,robot_2,0.6903,0.6698,0.406,0.492,1,0.8731,0.8731,0.1247,0.1089,0.0117,0.0102,预测到冲突，gate开启传递残差
